TAXID	NAME	PROTEOME_FILE_PATH
taxid:9606	Homo sapiens	https://ftp.ncbi.nlm.nih.gov/genomes/all/GCF/000/001/405/GCF_000001405.40_GRCh38.p14/GCF_000001405.40_GRCh38.p14_protein.faa.gz
taxid:9598	Pan troglodytes	https://ftp.ncbi.nlm.nih.gov/genomes/all/GCF/028/858/775/GCF_028858775.1_NHGRI_mPanTro3-v1.1-hic.freeze_pri/GCF_028858775.1_NHGRI_mPanTro3-v1.1-hic.freeze_pri_protein.faa.gz
taxid:9595	Gorilla gorilla gorilla	https://ftp.ncbi.nlm.nih.gov/genomes/all/GCF/029/281/585/GCF_029281585.1_NHGRI_mGorGor1-v1.1-0.2.freeze_pri/GCF_029281585.1_NHGRI_mGorGor1-v1.1-0.2.freeze_pri_protein.faa.gz
taxid:9597	Pan paniscus	https://ftp.ncbi.nlm.nih.gov/genomes/all/GCF/029/289/425/GCF_029289425.1_NHGRI_mPanPan1-v1.1-0.1.freeze_pri/GCF_029289425.1_NHGRI_mPanPan1-v1.1-0.1.freeze_pri_protein.faa.gz
taxid:9544	Macaca mulatta	https://ftp.ncbi.nlm.nih.gov/genomes/all/GCF/003/339/765/GCF_003339765.1_Mmul_10/GCF_003339765.1_Mmul_10_protein.faa.gz
taxid:9600	Pongo pygmaeus	https://ftp.ncbi.nlm.nih.gov/genomes/all/GCF/028/885/625/GCF_028885625.1_NHGRI_mPonPyg2-v1.1-hic.freeze_pri/GCF_028885625.1_NHGRI_mPonPyg2-v1.1-hic.freeze_pri_protein.faa.gz
taxid:9601	Pongo abelii	https://ftp.ncbi.nlm.nih.gov/genomes/all/GCF/028/885/655/GCF_028885655.1_NHGRI_mPonAbe1-v1.1-hic.freeze_pri/GCF_028885655.1_NHGRI_mPonAbe1-v1.1-hic.freeze_pri_protein.faa.gz
taxid:257877	Macaca thibetana thibetana	https://ftp.ncbi.nlm.nih.gov/genomes/all/GCF/024/542/745/GCF_024542745.1_ASM2454274v1/GCF_024542745.1_ASM2454274v1_protein.faa.gz
taxid:9531	Cercocebus atys	https://ftp.ncbi.nlm.nih.gov/genomes/all/GCF/000/955/945/GCF_000955945.1_Caty_1.0/GCF_000955945.1_Caty_1.0_protein.faa.gz
taxid:9541	Macaca fascicularis	https://ftp.ncbi.nlm.nih.gov/genomes/all/GCF/012/559/485/GCF_012559485.2_MFA1912RKSv2/GCF_012559485.2_MFA1912RKSv2_protein.faa.gz
taxid:61622	Rhinopithecus roxellana	https://ftp.ncbi.nlm.nih.gov/genomes/all/GCF/007/565/055/GCF_007565055.1_ASM756505v1/GCF_007565055.1_ASM756505v1_protein.faa.gz
taxid:9565	Theropithecus gelada	https://ftp.ncbi.nlm.nih.gov/genomes/all/GCF/003/255/815/GCF_003255815.1_Tgel_1.0/GCF_003255815.1_Tgel_1.0_protein.faa.gz
taxid:61853	Nomascus leucogenys	https://ftp.ncbi.nlm.nih.gov/genomes/all/GCF/006/542/625/GCF_006542625.1_Asia_NLE_v1/GCF_006542625.1_Asia_NLE_v1_protein.faa.gz
taxid:9545	Macaca nemestrina	https://ftp.ncbi.nlm.nih.gov/genomes/all/GCF/000/956/065/GCF_000956065.1_Mnem_1.0/GCF_000956065.1_Mnem_1.0_protein.faa.gz
taxid:60711	Chlorocebus sabaeus	https://ftp.ncbi.nlm.nih.gov/genomes/all/GCF/015/252/025/GCF_015252025.1_Vero_WHO_p1.0/GCF_015252025.1_Vero_WHO_p1.0_protein.faa.gz
taxid:54180	Trachypithecus francoisi	https://ftp.ncbi.nlm.nih.gov/genomes/all/GCF/009/764/315/GCF_009764315.1_Tfra_2.0/GCF_009764315.1_Tfra_2.0_protein.faa.gz
taxid:9483	Callithrix jacchus	https://ftp.ncbi.nlm.nih.gov/genomes/all/GCF/011/100/555/GCF_011100555.1_mCalJa1.2.pat.X/GCF_011100555.1_mCalJa1.2.pat.X_protein.faa.gz
taxid:81572	Hylobates moloch	https://ftp.ncbi.nlm.nih.gov/genomes/all/GCF/009/828/535/GCF_009828535.3_HMol_V3/GCF_009828535.3_HMol_V3_protein.faa.gz
taxid:336983	Colobus angolensis palliatus	https://ftp.ncbi.nlm.nih.gov/genomes/all/GCF/000/951/035/GCF_000951035.1_Cang.pa_1.0/GCF_000951035.1_Cang.pa_1.0_protein.faa.gz
taxid:9515	Sapajus apella	https://ftp.ncbi.nlm.nih.gov/genomes/all/GCF/009/761/245/GCF_009761245.1_GSC_monkey_1.0/GCF_009761245.1_GSC_monkey_1.0_protein.faa.gz
taxid:9568	Mandrillus leucophaeus	https://ftp.ncbi.nlm.nih.gov/genomes/all/GCF/000/951/045/GCF_000951045.1_Mleu.le_1.0/GCF_000951045.1_Mleu.le_1.0_protein.faa.gz
taxid:591936	Piliocolobus tephrosceles	https://ftp.ncbi.nlm.nih.gov/genomes/all/GCF/002/776/525/GCF_002776525.5_ASM277652v5/GCF_002776525.5_ASM277652v5_protein.faa.gz
taxid:2715852	Cebus imitator	https://ftp.ncbi.nlm.nih.gov/genomes/all/GCF/001/604/975/GCF_001604975.1_Cebus_imitator-1.0/GCF_001604975.1_Cebus_imitator-1.0_protein.faa.gz
taxid:9555	Papio anubis	https://ftp.ncbi.nlm.nih.gov/genomes/all/GCF/008/728/515/GCF_008728515.1_Panubis1.0/GCF_008728515.1_Panubis1.0_protein.faa.gz
taxid:61621	Rhinopithecus bieti	https://ftp.ncbi.nlm.nih.gov/genomes/all/GCF/001/698/545/GCF_001698545.2_ASM169854v2/GCF_001698545.2_ASM169854v2_protein.faa.gz
taxid:37293	Aotus nancymaae	https://ftp.ncbi.nlm.nih.gov/genomes/all/GCF/000/952/055/GCF_000952055.2_Anan_2.0/GCF_000952055.2_Anan_2.0_protein.faa.gz
taxid:10090	Mus musculus	https://ftp.ncbi.nlm.nih.gov/genomes/all/GCF/000/001/635/GCF_000001635.27_GRCm39/GCF_000001635.27_GRCm39_protein.faa.gz
taxid:9708	Odobenus rosmarus divergens	https://ftp.ncbi.nlm.nih.gov/genomes/all/GCF/000/321/225/GCF_000321225.1_Oros_1.0/GCF_000321225.1_Oros_1.0_protein.faa.gz
taxid:9470	Nycticebus coucang	https://ftp.ncbi.nlm.nih.gov/genomes/all/GCF/027/406/575/GCF_027406575.1_mNycCou1.pri/GCF_027406575.1_mNycCou1.pri_protein.faa.gz
taxid:61452	Neofelis nebulosa	https://ftp.ncbi.nlm.nih.gov/genomes/all/GCF/028/018/385/GCF_028018385.1_mNeoNeb1.pri/GCF_028018385.1_mNeoNeb1.pri_protein.faa.gz
taxid:32536	Acinonyx jubatus	https://ftp.ncbi.nlm.nih.gov/genomes/all/GCF/027/475/565/GCF_027475565.1_VMU_Ajub_asm_v1.0/GCF_027475565.1_VMU_Ajub_asm_v1.0_protein.faa.gz
taxid:9691	Panthera pardus	https://ftp.ncbi.nlm.nih.gov/genomes/all/GCF/024/362/965/GCF_024362965.1_ASM2436296v1/GCF_024362965.1_ASM2436296v1_protein.faa.gz
taxid:46844	Leopardus geoffroyi	https://ftp.ncbi.nlm.nih.gov/genomes/all/GCF/018/350/155/GCF_018350155.1_O.geoffroyi_Oge1_pat1.0/GCF_018350155.1_O.geoffroyi_Oge1_pat1.0_protein.faa.gz
taxid:9685	Felis catus	https://ftp.ncbi.nlm.nih.gov/genomes/all/GCF/018/350/175/GCF_018350175.1_F.catus_Fca126_mat1.0/GCF_018350175.1_F.catus_Fca126_mat1.0_protein.faa.gz
taxid:9704	Zalophus californianus	https://ftp.ncbi.nlm.nih.gov/genomes/all/GCF/009/762/305/GCF_009762305.2_mZalCal1.pri.v2/GCF_009762305.2_mZalCal1.pri.v2_protein.faa.gz
taxid:9662	Meles meles	https://ftp.ncbi.nlm.nih.gov/genomes/all/GCF/922/984/935/GCF_922984935.1_mMelMel3.1_paternal_haplotype/GCF_922984935.1_mMelMel3.1_paternal_haplotype_protein.faa.gz
taxid:9666	Mustela lutreola	https://ftp.ncbi.nlm.nih.gov/genomes/all/GCF/030/435/805/GCF_030435805.1_mMusLut2.pri/GCF_030435805.1_mMusLut2.pri_protein.faa.gz
taxid:286419	Canis lupus dingo	https://ftp.ncbi.nlm.nih.gov/genomes/all/GCF/003/254/725/GCF_003254725.2_ASM325472v2/GCF_003254725.2_ASM325472v2_protein.faa.gz
taxid:9694	Panthera tigris	https://ftp.ncbi.nlm.nih.gov/genomes/all/GCF/018/350/195/GCF_018350195.1_P.tigris_Pti1_mat1.1/GCF_018350195.1_P.tigris_Pti1_mat1.1_protein.faa.gz
taxid:37029	Prionailurus bengalensis	https://ftp.ncbi.nlm.nih.gov/genomes/all/GCF/016/509/475/GCF_016509475.1_Fcat_Pben_1.1_paternal_pri/GCF_016509475.1_Fcat_Pben_1.1_paternal_pri_protein.faa.gz
taxid:61388	Prionailurus viverrinus	https://ftp.ncbi.nlm.nih.gov/genomes/all/GCF/022/837/055/GCF_022837055.1_UM_Priviv_1.0/GCF_022837055.1_UM_Priviv_1.0_protein.faa.gz
taxid:9669	Mustela putorius furo	https://ftp.ncbi.nlm.nih.gov/genomes/all/GCF/011/764/305/GCF_011764305.1_ASM1176430v1.1/GCF_011764305.1_ASM1176430v1.1_protein.faa.gz
taxid:379532	Propithecus coquereli	https://ftp.ncbi.nlm.nih.gov/genomes/all/GCF/000/956/105/GCF_000956105.1_Pcoq_1.0/GCF_000956105.1_Pcoq_1.0_protein.faa.gz
taxid:9447	Lemur catta	https://ftp.ncbi.nlm.nih.gov/genomes/all/GCF/020/740/605/GCF_020740605.2_mLemCat1.pri/GCF_020740605.2_mLemCat1.pri_protein.faa.gz
taxid:77932	Diceros bicornis minor	https://ftp.ncbi.nlm.nih.gov/genomes/all/GCF/020/826/845/GCF_020826845.1_mDicBic1.mat.cur/GCF_020826845.1_mDicBic1.mat.cur_protein.faa.gz
taxid:30640	Sciurus carolinensis	https://ftp.ncbi.nlm.nih.gov/genomes/all/GCF/902/686/445/GCF_902686445.1_mSciCar1.2/GCF_902686445.1_mSciCar1.2_protein.faa.gz
taxid:9643	Ursus americanus	https://ftp.ncbi.nlm.nih.gov/genomes/all/GCF/020/975/775/GCF_020975775.1_gsc_jax_bbear_1.0/GCF_020975775.1_gsc_jax_bbear_1.0_protein.faa.gz
taxid:61384	Lynx rufus	https://ftp.ncbi.nlm.nih.gov/genomes/all/GCF/022/079/265/GCF_022079265.1_mLynRuf1.p/GCF_022079265.1_mLynRuf1.p_protein.faa.gz
taxid:9995	Marmota monax	https://ftp.ncbi.nlm.nih.gov/genomes/all/GCF/021/218/885/GCF_021218885.2_Marmota_monax_Labrador192_F-V1.1/GCF_021218885.2_Marmota_monax_Labrador192_F-V1.1_protein.faa.gz
taxid:9913	Bos taurus	https://ftp.ncbi.nlm.nih.gov/genomes/all/GCF/002/263/795/GCF_002263795.3_ARS-UCD2.0/GCF_002263795.3_ARS-UCD2.0_protein.faa.gz
taxid:575201	Hippopotamus amphibius kiboko	https://ftp.ncbi.nlm.nih.gov/genomes/all/GCF/030/028/045/GCF_030028045.1_mHipAmp2.hap2/GCF_030028045.1_mHipAmp2.hap2_protein.faa.gz
taxid:9615	Canis lupus familiaris	https://ftp.ncbi.nlm.nih.gov/genomes/all/GCF/011/100/685/GCF_011100685.1_UU_Cfam_GSD_1.0/GCF_011100685.1_UU_Cfam_GSD_1.0_protein.faa.gz
taxid:9657	Lutra lutra	https://ftp.ncbi.nlm.nih.gov/genomes/all/GCF/902/655/055/GCF_902655055.1_mLutLut1.2/GCF_902655055.1_mLutLut1.2_protein.faa.gz
taxid:41426	Phacochoerus africanus	https://ftp.ncbi.nlm.nih.gov/genomes/all/GCF/016/906/955/GCF_016906955.1_ROS_Pafr_v1/GCF_016906955.1_ROS_Pafr_v1_protein.faa.gz
taxid:452646	Neogale vison	https://ftp.ncbi.nlm.nih.gov/genomes/all/GCF/020/171/115/GCF_020171115.1_ASM_NN_V1/GCF_020171115.1_ASM_NN_V1_protein.faa.gz
taxid:10116	Rattus norvegicus	https://ftp.ncbi.nlm.nih.gov/genomes/all/GCF/015/227/675/GCF_015227675.2_mRatBN7.2/GCF_015227675.2_mRatBN7.2_protein.faa.gz
taxid:36723	Mustela erminea	https://ftp.ncbi.nlm.nih.gov/genomes/all/GCF/009/829/155/GCF_009829155.1_mMusErm1.Pri/GCF_009829155.1_mMusErm1.Pri_protein.faa.gz
taxid:9940	Ovis aries	https://ftp.ncbi.nlm.nih.gov/genomes/all/GCF/016/772/045/GCF_016772045.2_ARS-UI_Ramb_v3.0/GCF_016772045.2_ARS-UI_Ramb_v3.0_protein.faa.gz
taxid:9860	Cervus elaphus	https://ftp.ncbi.nlm.nih.gov/genomes/all/GCF/910/594/005/GCF_910594005.1_mCerEla1.1/GCF_910594005.1_mCerEla1.1_protein.faa.gz
taxid:9793	Equus asinus	https://ftp.ncbi.nlm.nih.gov/genomes/all/GCF/016/077/325/GCF_016077325.2_ASM1607732v2/GCF_016077325.2_ASM1607732v2_protein.faa.gz
taxid:494514	Vulpes lagopus	https://ftp.ncbi.nlm.nih.gov/genomes/all/GCF/018/345/385/GCF_018345385.1_ASM1834538v1/GCF_018345385.1_ASM1834538v1_protein.faa.gz
taxid:59479	Rhinolophus ferrumequinum	https://ftp.ncbi.nlm.nih.gov/genomes/all/GCF/004/115/265/GCF_004115265.2_mRhiFer1_v1.p/GCF_004115265.2_mRhiFer1_v1.p_protein.faa.gz
taxid:95912	Hyaena hyaena	https://ftp.ncbi.nlm.nih.gov/genomes/all/GCF/003/009/895/GCF_003009895.1_ASM300989v1/GCF_003009895.1_ASM300989v1_protein.faa.gz
taxid:34880	Nyctereutes procyonoides	https://ftp.ncbi.nlm.nih.gov/genomes/all/GCF/905/146/905/GCF_905146905.1_NYPRO_anot_genome/GCF_905146905.1_NYPRO_anot_genome_protein.faa.gz
taxid:77151	Mustela nigripes	https://ftp.ncbi.nlm.nih.gov/genomes/all/GCF/022/355/385/GCF_022355385.1_MUSNIG.SB6536/GCF_022355385.1_MUSNIG.SB6536_protein.faa.gz
taxid:419612	Camelus ferus	https://ftp.ncbi.nlm.nih.gov/genomes/all/GCF/009/834/535/GCF_009834535.1_BCGSAC_Cfer_1.0/GCF_009834535.1_BCGSAC_Cfer_1.0_protein.faa.gz
taxid:30611	Otolemur garnettii	https://ftp.ncbi.nlm.nih.gov/genomes/all/GCF/000/181/295/GCF_000181295.1_OtoGar3/GCF_000181295.1_OtoGar3_protein.faa.gz
taxid:29088	Neomonachus schauinslandi	https://ftp.ncbi.nlm.nih.gov/genomes/all/GCF/002/201/575/GCF_002201575.2_ASM220157v2/GCF_002201575.2_ASM220157v2_protein.faa.gz
taxid:9720	Phoca vitulina	https://ftp.ncbi.nlm.nih.gov/genomes/all/GCF/004/348/235/GCF_004348235.1_GSC_HSeal_1.0/GCF_004348235.1_GSC_HSeal_1.0_protein.faa.gz
taxid:30608	Microcebus murinus	https://ftp.ncbi.nlm.nih.gov/genomes/all/GCF/000/165/445/GCF_000165445.2_Mmur_3.0/GCF_000165445.2_Mmur_3.0_protein.faa.gz
taxid:1608482	Puma yagouaroundi	https://ftp.ncbi.nlm.nih.gov/genomes/all/GCF/014/898/765/GCF_014898765.1_PumYag/GCF_014898765.1_PumYag_protein.faa.gz
taxid:346063	Bubalus carabanensis	https://ftp.ncbi.nlm.nih.gov/genomes/all/GCF/029/407/905/GCF_029407905.1_PCC_UOA_SB_1v2/GCF_029407905.1_PCC_UOA_SB_1v2_protein.faa.gz
taxid:9767	Balaenoptera acutorostrata	https://ftp.ncbi.nlm.nih.gov/genomes/all/GCF/949/987/535/GCF_949987535.1_mBalAcu1.1/GCF_949987535.1_mBalAcu1.1_protein.faa.gz
taxid:99487	Elephas maximus indicus	https://ftp.ncbi.nlm.nih.gov/genomes/all/GCF/024/166/365/GCF_024166365.1_mEleMax1_primary_haplotype/GCF_024166365.1_mEleMax1_primary_haplotype_protein.faa.gz
taxid:29073	Ursus maritimus	https://ftp.ncbi.nlm.nih.gov/genomes/all/GCF/017/311/325/GCF_017311325.1_ASM1731132v1/GCF_017311325.1_ASM1731132v1_protein.faa.gz
taxid:9823	Sus scrofa	https://ftp.ncbi.nlm.nih.gov/genomes/all/GCF/000/003/025/GCF_000003025.6_Sscrofa11.1/GCF_000003025.6_Sscrofa11.1_protein.faa.gz
taxid:93162	Marmota flaviventris	https://ftp.ncbi.nlm.nih.gov/genomes/all/GCF/003/676/075/GCF_003676075.3_GSC_YBM_2.1/GCF_003676075.3_GSC_YBM_2.1_protein.faa.gz
taxid:76717	Lontra canadensis	https://ftp.ncbi.nlm.nih.gov/genomes/all/GCF/010/015/895/GCF_010015895.1_GSC_riverotter_1.0/GCF_010015895.1_GSC_riverotter_1.0_protein.faa.gz
taxid:9796	Equus caballus	https://ftp.ncbi.nlm.nih.gov/genomes/all/GCF/002/863/925/GCF_002863925.1_EquCab3.0/GCF_002863925.1_EquCab3.0_protein.faa.gz
taxid:9838	Camelus dromedarius	https://ftp.ncbi.nlm.nih.gov/genomes/all/GCF/000/803/125/GCF_000803125.2_CamDro3/GCF_000803125.2_CamDro3_protein.faa.gz
taxid:9646	Ailuropoda melanoleuca	https://ftp.ncbi.nlm.nih.gov/genomes/all/GCF/002/007/445/GCF_002007445.2_ASM200744v3/GCF_002007445.2_ASM200744v3_protein.faa.gz
taxid:61383	Lynx canadensis	https://ftp.ncbi.nlm.nih.gov/genomes/all/GCF/007/474/595/GCF_007474595.2_mLynCan4.pri.v2/GCF_007474595.2_mLynCan4.pri.v2_protein.faa.gz
taxid:9690	Panthera onca	https://ftp.ncbi.nlm.nih.gov/genomes/all/GCF/028/533/385/GCF_028533385.1_Panthera_onca_HiC/GCF_028533385.1_Panthera_onca_HiC_protein.faa.gz
taxid:9644	Ursus arctos	https://ftp.ncbi.nlm.nih.gov/genomes/all/GCF/023/065/955/GCF_023065955.2_UrsArc2.0/GCF_023065955.2_UrsArc2.0_protein.faa.gz
taxid:1884717	Pteronotus parnellii mesoamericanus	https://ftp.ncbi.nlm.nih.gov/genomes/all/GCF/021/234/165/GCF_021234165.1_CSHL_Meso_final/GCF_021234165.1_CSHL_Meso_final_protein.faa.gz
taxid:89462	Bubalus bubalis	https://ftp.ncbi.nlm.nih.gov/genomes/all/GCF/019/923/935/GCF_019923935.1_NDDB_SH_1/GCF_019923935.1_NDDB_SH_1_protein.faa.gz
taxid:34886	Eumetopias jubatus	https://ftp.ncbi.nlm.nih.gov/genomes/all/GCF/004/028/035/GCF_004028035.1_ASM402803v1/GCF_004028035.1_ASM402803v1_protein.faa.gz
taxid:9771	Balaenoptera musculus	https://ftp.ncbi.nlm.nih.gov/genomes/all/GCF/009/873/245/GCF_009873245.2_mBalMus1.pri.v3/GCF_009873245.2_mBalMus1.pri.v3_protein.faa.gz
taxid:30522	Bos indicus x Bos taurus	https://ftp.ncbi.nlm.nih.gov/genomes/all/GCF/003/369/695/GCF_003369695.1_UOA_Brahman_1/GCF_003369695.1_UOA_Brahman_1_protein.faa.gz
taxid:2746895	Balaenoptera ricei	https://ftp.ncbi.nlm.nih.gov/genomes/all/GCF/028/023/285/GCF_028023285.1_mBalRic1.hap2/GCF_028023285.1_mBalRic1.hap2_protein.faa.gz
taxid:9423	Phyllostomus hastatus	https://ftp.ncbi.nlm.nih.gov/genomes/all/GCF/019/186/645/GCF_019186645.2_TTU_PhHast_1.1/GCF_019186645.2_TTU_PhHast_1.1_protein.faa.gz
taxid:9407	Rousettus aegyptiacus	https://ftp.ncbi.nlm.nih.gov/genomes/all/GCF/014/176/215/GCF_014176215.1_mRouAeg1.p/GCF_014176215.1_mRouAeg1.p_protein.faa.gz
taxid:73337	Ceratotherium simum simum	https://ftp.ncbi.nlm.nih.gov/genomes/all/GCF/000/283/155/GCF_000283155.1_CerSimSim1.0/GCF_000283155.1_CerSimSim1.0_protein.faa.gz
taxid:29078	Eptesicus fuscus	https://ftp.ncbi.nlm.nih.gov/genomes/all/GCF/027/574/615/GCF_027574615.1_DD_ASM_mEF_20220401/GCF_027574615.1_DD_ASM_mEF_20220401_protein.faa.gz
taxid:9417	Artibeus jamaicensis	https://ftp.ncbi.nlm.nih.gov/genomes/all/GCF/021/234/435/GCF_021234435.1_CSHL_Jam_final/GCF_021234435.1_CSHL_Jam_final_protein.faa.gz
taxid:43179	Ictidomys tridecemlineatus	https://ftp.ncbi.nlm.nih.gov/genomes/all/GCF/016/881/025/GCF_016881025.1_HiC_Itri_2/GCF_016881025.1_HiC_Itri_2_protein.faa.gz
taxid:9925	Capra hircus	https://ftp.ncbi.nlm.nih.gov/genomes/all/GCF/001/704/415/GCF_001704415.2_ARS1.2/GCF_001704415.2_ARS1.2_protein.faa.gz
taxid:9627	Vulpes vulpes	https://ftp.ncbi.nlm.nih.gov/genomes/all/GCF/003/160/815/GCF_003160815.1_VulVul2.2/GCF_003160815.1_VulVul2.2_protein.faa.gz
taxid:9716	Mirounga angustirostris	https://ftp.ncbi.nlm.nih.gov/genomes/all/GCF/021/288/785/GCF_021288785.2_ASM2128878v3/GCF_021288785.2_ASM2128878v3_protein.faa.gz
taxid:9733	Orcinus orca	https://ftp.ncbi.nlm.nih.gov/genomes/all/GCF/937/001/465/GCF_937001465.1_mOrcOrc1.1/GCF_937001465.1_mOrcOrc1.1_protein.faa.gz
taxid:9994	Marmota marmota marmota	https://ftp.ncbi.nlm.nih.gov/genomes/all/GCF/001/458/135/GCF_001458135.2_marMar/GCF_001458135.2_marMar_protein.faa.gz
taxid:9837	Camelus bactrianus	https://ftp.ncbi.nlm.nih.gov/genomes/all/GCF/000/767/855/GCF_000767855.1_Ca_bactrianus_MBC_1.0/GCF_000767855.1_Ca_bactrianus_MBC_1.0_protein.faa.gz
taxid:564181	Peromyscus californicus insignis	https://ftp.ncbi.nlm.nih.gov/genomes/all/GCF/007/827/085/GCF_007827085.1_ASM782708v3/GCF_007827085.1_ASM782708v3_protein.faa.gz
taxid:1574408	Cervus canadensis	https://ftp.ncbi.nlm.nih.gov/genomes/all/GCF/019/320/065/GCF_019320065.1_ASM1932006v1/GCF_019320065.1_ASM1932006v1_protein.faa.gz
taxid:10036	Mesocricetus auratus	https://ftp.ncbi.nlm.nih.gov/genomes/all/GCF/017/639/785/GCF_017639785.1_BCM_Maur_2.0/GCF_017639785.1_BCM_Maur_2.0_protein.faa.gz
taxid:391180	Enhydra lutris kenyoni	https://ftp.ncbi.nlm.nih.gov/genomes/all/GCF/002/288/905/GCF_002288905.1_ASM228890v2/GCF_002288905.1_ASM228890v2_protein.faa.gz
taxid:30538	Vicugna pacos	https://ftp.ncbi.nlm.nih.gov/genomes/all/GCF/000/164/845/GCF_000164845.4_VicPac3.2/GCF_000164845.4_VicPac3.2_protein.faa.gz
taxid:27622	Molossus molossus	https://ftp.ncbi.nlm.nih.gov/genomes/all/GCF/014/108/415/GCF_014108415.1_mMolMol1.p/GCF_014108415.1_mMolMol1.p_protein.faa.gz
taxid:9999	Urocitellus parryii	https://ftp.ncbi.nlm.nih.gov/genomes/all/GCF/003/426/925/GCF_003426925.1_ASM342692v1/GCF_003426925.1_ASM342692v1_protein.faa.gz
taxid:9728	Delphinus delphis	https://ftp.ncbi.nlm.nih.gov/genomes/all/GCF/949/987/515/GCF_949987515.1_mDelDel1.1/GCF_949987515.1_mDelDel1.1_protein.faa.gz
taxid:10047	Meriones unguiculatus	https://ftp.ncbi.nlm.nih.gov/genomes/all/GCF/030/254/825/GCF_030254825.1_Bangor_MerUng_6.1/GCF_030254825.1_Bangor_MerUng_6.1_protein.faa.gz
taxid:37032	Suricata suricatta	https://ftp.ncbi.nlm.nih.gov/genomes/all/GCF/006/229/205/GCF_006229205.1_meerkat_22Aug2017_6uvM2_HiC/GCF_006229205.1_meerkat_22Aug2017_6uvM2_HiC_protein.faa.gz
taxid:10129	Apodemus sylvaticus	https://ftp.ncbi.nlm.nih.gov/genomes/all/GCF/947/179/515/GCF_947179515.1_mApoSyl1.1/GCF_947179515.1_mApoSyl1.1_protein.faa.gz
taxid:98922	Myotis daubentonii	https://ftp.ncbi.nlm.nih.gov/genomes/all/GCF/963/259/705/GCF_963259705.1_mMyoDau2.1/GCF_963259705.1_mMyoDau2.1_protein.faa.gz
taxid:9430	Desmodus rotundus	https://ftp.ncbi.nlm.nih.gov/genomes/all/GCF/022/682/495/GCF_022682495.1_HLdesRot8A/GCF_022682495.1_HLdesRot8A_protein.faa.gz
taxid:143292	Manis pentadactyla	https://ftp.ncbi.nlm.nih.gov/genomes/all/GCF/030/020/395/GCF_030020395.1_mManPen7.hap1/GCF_030020395.1_mManPen7.hap1_protein.faa.gz
taxid:269649	Chionomys nivalis	https://ftp.ncbi.nlm.nih.gov/genomes/all/GCF/950/005/125/GCF_950005125.1_mChiNiv1.1/GCF_950005125.1_mChiNiv1.1_protein.faa.gz
taxid:9715	Mirounga leonina	https://ftp.ncbi.nlm.nih.gov/genomes/all/GCF/011/800/145/GCF_011800145.1_KU_Mleo_1.0/GCF_011800145.1_KU_Mleo_1.0_protein.faa.gz
taxid:230844	Peromyscus maniculatus bairdii	https://ftp.ncbi.nlm.nih.gov/genomes/all/GCF/003/704/035/GCF_003704035.1_HU_Pman_2.1.3/GCF_003704035.1_HU_Pman_2.1.3_protein.faa.gz
taxid:10093	Mus pahari	https://ftp.ncbi.nlm.nih.gov/genomes/all/GCF/900/095/145/GCF_900095145.1_PAHARI_EIJ_v1.1/GCF_900095145.1_PAHARI_EIJ_v1.1_protein.faa.gz
taxid:29064	Panthera uncia	https://ftp.ncbi.nlm.nih.gov/genomes/all/GCF/023/721/935/GCF_023721935.1_Puncia_PCG_1.0/GCF_023721935.1_Puncia_PCG_1.0_protein.faa.gz
taxid:9402	Pteropus alecto	https://ftp.ncbi.nlm.nih.gov/genomes/all/GCF/000/325/575/GCF_000325575.1_ASM32557v1/GCF_000325575.1_ASM32557v1_protein.faa.gz
taxid:48708	Mesoplodon densirostris	https://ftp.ncbi.nlm.nih.gov/genomes/all/GCF/025/265/405/GCF_025265405.1_mMesDen1_primary_haplotype/GCF_025265405.1_mMesDen1_primary_haplotype_protein.faa.gz
taxid:27610	Lagenorhynchus albirostris	https://ftp.ncbi.nlm.nih.gov/genomes/all/GCF/949/774/975/GCF_949774975.1_mLagAlb1.1/GCF_949774975.1_mLagAlb1.1_protein.faa.gz
taxid:143291	Pteropus giganteus	https://ftp.ncbi.nlm.nih.gov/genomes/all/GCF/902/729/225/GCF_902729225.1_Ma_sr-lr_union100/GCF_902729225.1_Ma_sr-lr_union100_protein.faa.gz
taxid:42100	Phocoena sinus	https://ftp.ncbi.nlm.nih.gov/genomes/all/GCF/008/692/025/GCF_008692025.1_mPhoSin1.pri/GCF_008692025.1_mPhoSin1.pri_protein.faa.gz
taxid:51298	Myotis myotis	https://ftp.ncbi.nlm.nih.gov/genomes/all/GCF/014/108/235/GCF_014108235.1_mMyoMyo1.p/GCF_014108235.1_mMyoMyo1.p_protein.faa.gz
taxid:90247	Lagenorhynchus obliquidens	https://ftp.ncbi.nlm.nih.gov/genomes/all/GCF/003/676/395/GCF_003676395.1_ASM367639v1/GCF_003676395.1_ASM367639v1_protein.faa.gz
taxid:37181	Budorcas taxicolor	https://ftp.ncbi.nlm.nih.gov/genomes/all/GCF/023/091/745/GCF_023091745.1_Takin1.1/GCF_023091745.1_Takin1.1_protein.faa.gz
taxid:9731	Globicephala melas	https://ftp.ncbi.nlm.nih.gov/genomes/all/GCF/963/455/315/GCF_963455315.1_mGloMel1.1/GCF_963455315.1_mGloMel1.1_protein.faa.gz
taxid:27615	Kogia breviceps	https://ftp.ncbi.nlm.nih.gov/genomes/all/GCF/026/419/965/GCF_026419965.1_mKogBre1_haplotype_1/GCF_026419965.1_mKogBre1_haplotype_1_protein.faa.gz
taxid:61156	Arvicanthis niloticus	https://ftp.ncbi.nlm.nih.gov/genomes/all/GCF/011/762/505/GCF_011762505.1_mArvNil1.pat.X/GCF_011762505.1_mArvNil1.pat.X_protein.faa.gz
taxid:10089	Mus caroli	https://ftp.ncbi.nlm.nih.gov/genomes/all/GCF/900/094/665/GCF_900094665.2_CAROLI_EIJ_v1.1/GCF_900094665.2_CAROLI_EIJ_v1.1_protein.faa.gz
taxid:50954	Talpa occidentalis	https://ftp.ncbi.nlm.nih.gov/genomes/all/GCF/014/898/055/GCF_014898055.3_MPIMG_talOcc4v2.1/GCF_014898055.3_MPIMG_talOcc4v2.1_protein.faa.gz
taxid:89673	Phyllostomus discolor	https://ftp.ncbi.nlm.nih.gov/genomes/all/GCF/004/126/475/GCF_004126475.2_mPhyDis1.pri.v3/GCF_004126475.2_mPhyDis1.pri.v3_protein.faa.gz
taxid:9739	Tursiops truncatus	https://ftp.ncbi.nlm.nih.gov/genomes/all/GCF/011/762/595/GCF_011762595.1_mTurTru1.mat.Y/GCF_011762595.1_mTurTru1.mat.Y_protein.faa.gz
taxid:34839	Chinchilla lanigera	https://ftp.ncbi.nlm.nih.gov/genomes/all/GCF/000/276/665/GCF_000276665.1_ChiLan1.0/GCF_000276665.1_ChiLan1.0_protein.faa.gz
taxid:27675	Choloepus didactylus	https://ftp.ncbi.nlm.nih.gov/genomes/all/GCF/015/220/235/GCF_015220235.1_mChoDid1.pri/GCF_015220235.1_mChoDid1.pri_protein.faa.gz
taxid:9749	Delphinapterus leucas	https://ftp.ncbi.nlm.nih.gov/genomes/all/GCF/002/288/925/GCF_002288925.2_ASM228892v3/GCF_002288925.2_ASM228892v3_protein.faa.gz
taxid:1047088	Arvicola amphibius	https://ftp.ncbi.nlm.nih.gov/genomes/all/GCF/903/992/535/GCF_903992535.2_mArvAmp1.2/GCF_903992535.2_mArvAmp1.2_protein.faa.gz
taxid:100897	Microtus fortis	https://ftp.ncbi.nlm.nih.gov/genomes/all/GCF/014/885/135/GCF_014885135.2_M_Fortis_MF-2015_v1.1/GCF_014885135.2_M_Fortis_MF-2015_v1.1_protein.faa.gz
taxid:40151	Monodon monoceros	https://ftp.ncbi.nlm.nih.gov/genomes/all/GCF/005/190/385/GCF_005190385.1_NGI_Narwhal_1/GCF_005190385.1_NGI_Narwhal_1_protein.faa.gz
taxid:1026970	Nannospalax galili	https://ftp.ncbi.nlm.nih.gov/genomes/all/GCF/000/622/305/GCF_000622305.1_S.galili_v1.0/GCF_000622305.1_S.galili_v1.0_protein.faa.gz
taxid:35658	Mastomys coucha	https://ftp.ncbi.nlm.nih.gov/genomes/all/GCF/008/632/895/GCF_008632895.1_UCSF_Mcou_1/GCF_008632895.1_UCSF_Mcou_1_protein.faa.gz
taxid:79684	Microtus ochrogaster	https://ftp.ncbi.nlm.nih.gov/genomes/all/GCF/000/317/375/GCF_000317375.1_MicOch1.0/GCF_000317375.1_MicOch1.0_protein.faa.gz
taxid:48139	Psammomys obesus	https://ftp.ncbi.nlm.nih.gov/genomes/all/GCF/907/164/565/GCF_907164565.1_mPsaObe1.curated_primary_1811/GCF_907164565.1_mPsaObe1.curated_primary_1811_protein.faa.gz
taxid:42410	Peromyscus eremicus	https://ftp.ncbi.nlm.nih.gov/genomes/all/GCF/949/786/415/GCF_949786415.1_PerEre_H2_v1/GCF_949786415.1_PerEre_H2_v1_protein.faa.gz
taxid:9978	Ochotona princeps	https://ftp.ncbi.nlm.nih.gov/genomes/all/GCF/030/435/755/GCF_030435755.1_mOchPri1.hap1/GCF_030435755.1_mOchPri1.hap1_protein.faa.gz
taxid:59534	Oryx dammah	https://ftp.ncbi.nlm.nih.gov/genomes/all/GCF/014/754/425/GCF_014754425.2_SCBI_Odam_1.1/GCF_014754425.2_SCBI_Odam_1.1_protein.faa.gz
taxid:68408	Moschus berezovskii	https://ftp.ncbi.nlm.nih.gov/genomes/all/GCF/022/376/915/GCF_022376915.1_ASM2237691v1/GCF_022376915.1_ASM2237691v1_protein.faa.gz
taxid:127582	Trichechus manatus latirostris	https://ftp.ncbi.nlm.nih.gov/genomes/all/GCF/000/243/295/GCF_000243295.1_TriManLat1.0/GCF_000243295.1_TriManLat1.0_protein.faa.gz
taxid:60746	Acomys russatus	https://ftp.ncbi.nlm.nih.gov/genomes/all/GCF/903/995/435/GCF_903995435.1_mAcoRus1.1/GCF_903995435.1_mAcoRus1.1_protein.faa.gz
taxid:9711	Halichoerus grypus	https://ftp.ncbi.nlm.nih.gov/genomes/all/GCF/012/393/455/GCF_012393455.1_Tufts_HGry_1.1/GCF_012393455.1_Tufts_HGry_1.1_protein.faa.gz
taxid:246437	Tupaia chinensis	https://ftp.ncbi.nlm.nih.gov/genomes/all/GCF/000/334/495/GCF_000334495.1_TupChi_1.0/GCF_000334495.1_TupChi_1.0_protein.faa.gz
taxid:491861	Grammomys surdaster	https://ftp.ncbi.nlm.nih.gov/genomes/all/GCF/004/785/775/GCF_004785775.1_NIH_TR_1.0/GCF_004785775.1_NIH_TR_1.0_protein.faa.gz
taxid:38674	Onychomys torridus	https://ftp.ncbi.nlm.nih.gov/genomes/all/GCF/903/995/425/GCF_903995425.1_mOncTor1.1/GCF_903995425.1_mOncTor1.1_protein.faa.gz
taxid:51337	Jaculus jaculus	https://ftp.ncbi.nlm.nih.gov/genomes/all/GCF/020/740/685/GCF_020740685.1_mJacJac1.mat.Y.cur/GCF_020740685.1_mJacJac1.mat.Y.cur_protein.faa.gz
taxid:10181	Heterocephalus glaber	https://ftp.ncbi.nlm.nih.gov/genomes/all/GCF/000/247/695/GCF_000247695.1_HetGla_female_1.0/GCF_000247695.1_HetGla_female_1.0_protein.faa.gz
taxid:105255	Dipodomys spectabilis	https://ftp.ncbi.nlm.nih.gov/genomes/all/GCF/019/054/845/GCF_019054845.1_ASM1905484v1/GCF_019054845.1_ASM1905484v1_protein.faa.gz
taxid:72004	Bos mutus	https://ftp.ncbi.nlm.nih.gov/genomes/all/GCF/000/298/355/GCF_000298355.1_BosGru_v2.0/GCF_000298355.1_BosGru_v2.0_protein.faa.gz
taxid:59472	Pipistrellus kuhlii	https://ftp.ncbi.nlm.nih.gov/genomes/all/GCF/014/108/245/GCF_014108245.1_mPipKuh1.p/GCF_014108245.1_mPipKuh1.p_protein.faa.gz
taxid:9365	Erinaceus europaeus	https://ftp.ncbi.nlm.nih.gov/genomes/all/GCF/950/295/315/GCF_950295315.1_mEriEur2.1/GCF_950295315.1_mEriEur2.1_protein.faa.gz
taxid:9689	Panthera leo	https://ftp.ncbi.nlm.nih.gov/genomes/all/GCF/018/350/215/GCF_018350215.1_P.leo_Ple1_pat1.1/GCF_018350215.1_P.leo_Ple1_pat1.1_protein.faa.gz
taxid:109678	Phodopus roborovskii	https://ftp.ncbi.nlm.nih.gov/genomes/all/GCF/943/737/965/GCF_943737965.1_PHOROB/GCF_943737965.1_PHOROB_protein.faa.gz
taxid:9590	Symphalangus syndactylus	https://ftp.ncbi.nlm.nih.gov/genomes/all/GCF/028/878/055/GCF_028878055.1_NHGRI_mSymSyn1-v1.1-hic.freeze_pri/GCF_028878055.1_NHGRI_mSymSyn1-v1.1-hic.freeze_pri_protein.faa.gz
taxid:1706337	Neophocaena asiaeorientalis asiaeorientalis	https://ftp.ncbi.nlm.nih.gov/genomes/all/GCF/003/031/525/GCF_003031525.2_Neophocaena_asiaeorientalis_V1.1/GCF_003031525.2_Neophocaena_asiaeorientalis_V1.1_protein.faa.gz
taxid:10020	Dipodomys ordii	https://ftp.ncbi.nlm.nih.gov/genomes/all/GCF/000/151/885/GCF_000151885.1_Dord_2.0/GCF_000151885.1_Dord_2.0_protein.faa.gz
taxid:89248	Equus quagga	https://ftp.ncbi.nlm.nih.gov/genomes/all/GCF/021/613/505/GCF_021613505.1_UCLA_HA_Equagga_1.0/GCF_021613505.1_UCLA_HA_Equagga_1.0_protein.faa.gz
taxid:214514	Perognathus longimembris pacificus	https://ftp.ncbi.nlm.nih.gov/genomes/all/GCF/023/159/225/GCF_023159225.1_ASM2315922v1/GCF_023159225.1_ASM2315922v1_protein.faa.gz
taxid:9755	Physeter catodon	https://ftp.ncbi.nlm.nih.gov/genomes/all/GCF/002/837/175/GCF_002837175.3_ASM283717v5/GCF_002837175.3_ASM283717v5_protein.faa.gz
taxid:9785	Loxodonta africana	https://ftp.ncbi.nlm.nih.gov/genomes/all/GCF/000/001/905/GCF_000001905.1_Loxafr3.0/GCF_000001905.1_Loxafr3.0_protein.faa.gz
taxid:186990	Hipposideros armiger	https://ftp.ncbi.nlm.nih.gov/genomes/all/GCF/001/890/085/GCF_001890085.2_ASM189008v1/GCF_001890085.2_ASM189008v1_protein.faa.gz
taxid:10041	Peromyscus leucopus	https://ftp.ncbi.nlm.nih.gov/genomes/all/GCF/004/664/715/GCF_004664715.2_UCI_PerLeu_2.1/GCF_004664715.2_UCI_PerLeu_2.1_protein.faa.gz
taxid:42254	Sorex araneus	https://ftp.ncbi.nlm.nih.gov/genomes/all/GCF/027/595/985/GCF_027595985.1_mSorAra2.pri/GCF_027595985.1_mSorAra2.pri_protein.faa.gz
taxid:9361	Dasypus novemcinctus	https://ftp.ncbi.nlm.nih.gov/genomes/all/GCF/030/445/035/GCF_030445035.1_mDasNov1.hap2/GCF_030445035.1_mDasNov1.hap2_protein.faa.gz
taxid:10160	Octodon degus	https://ftp.ncbi.nlm.nih.gov/genomes/all/GCF/000/260/255/GCF_000260255.1_OctDeg1.0/GCF_000260255.1_OctDeg1.0_protein.faa.gz
taxid:291302	Miniopterus natalensis	https://ftp.ncbi.nlm.nih.gov/genomes/all/GCF/001/595/765/GCF_001595765.1_Mnat.v1/GCF_001595765.1_Mnat.v1_protein.faa.gz
taxid:43346	Bison bison bison	https://ftp.ncbi.nlm.nih.gov/genomes/all/GCF/000/754/665/GCF_000754665.1_Bison_UMD1.0/GCF_000754665.1_Bison_UMD1.0_protein.faa.gz
taxid:132908	Pteropus vampyrus	https://ftp.ncbi.nlm.nih.gov/genomes/all/GCF/000/151/845/GCF_000151845.1_Pvam_2.0/GCF_000151845.1_Pvam_2.0_protein.faa.gz
taxid:62283	Sorex fumeus	https://ftp.ncbi.nlm.nih.gov/genomes/all/GCF/029/834/395/GCF_029834395.1_SorFum_2.1/GCF_029834395.1_SorFum_2.1_protein.faa.gz
taxid:130825	Ochotona curzoniae	https://ftp.ncbi.nlm.nih.gov/genomes/all/GCF/017/591/425/GCF_017591425.1_NIBS_Ocur_1.0/GCF_017591425.1_NIBS_Ocur_1.0_protein.faa.gz
taxid:10141	Cavia porcellus	https://ftp.ncbi.nlm.nih.gov/genomes/all/GCF/000/151/735/GCF_000151735.1_Cavpor3.0/GCF_000151735.1_Cavpor3.0_protein.faa.gz
taxid:447135	Myodes glareolus	https://ftp.ncbi.nlm.nih.gov/genomes/all/GCF/902/806/735/GCF_902806735.1_Bank_vole1_10x/GCF_902806735.1_Bank_vole1_10x_protein.faa.gz
taxid:9974	Manis javanica	https://ftp.ncbi.nlm.nih.gov/genomes/all/GCF/014/570/535/GCF_014570535.1_YNU_ManJav_2.0/GCF_014570535.1_YNU_ManJav_2.0_protein.faa.gz
taxid:9798	Equus przewalskii	https://ftp.ncbi.nlm.nih.gov/genomes/all/GCF/000/696/695/GCF_000696695.1_Burgud/GCF_000696695.1_Burgud_protein.faa.gz
taxid:885580	Fukomys damarensis	https://ftp.ncbi.nlm.nih.gov/genomes/all/GCF/012/274/545/GCF_012274545.1_DMR_v1.0_HiC/GCF_012274545.1_DMR_v1.0_HiC_protein.faa.gz
taxid:10117	Rattus rattus	https://ftp.ncbi.nlm.nih.gov/genomes/all/GCF/011/064/425/GCF_011064425.1_Rrattus_CSIRO_v1/GCF_011064425.1_Rrattus_CSIRO_v1_protein.faa.gz
taxid:482537	Galeopterus variegatus	https://ftp.ncbi.nlm.nih.gov/genomes/all/GCF/000/696/425/GCF_000696425.1_G_variegatus-3.0.2/GCF_000696425.1_G_variegatus-3.0.2_protein.faa.gz
taxid:9986	Oryctolagus cuniculus	https://ftp.ncbi.nlm.nih.gov/genomes/all/GCF/009/806/435/GCF_009806435.1_UM_NZW_1.0/GCF_009806435.1_UM_NZW_1.0_protein.faa.gz
taxid:1230840	Orycteropus afer afer	https://ftp.ncbi.nlm.nih.gov/genomes/all/GCF/000/298/275/GCF_000298275.1_OryAfe1.0/GCF_000298275.1_OryAfe1.0_protein.faa.gz
taxid:9371	Echinops telfairi	https://ftp.ncbi.nlm.nih.gov/genomes/all/GCF/000/313/985/GCF_000313985.2_ASM31398v2/GCF_000313985.2_ASM31398v2_protein.faa.gz
taxid:192404	Sturnira hondurensis	https://ftp.ncbi.nlm.nih.gov/genomes/all/GCF/014/824/575/GCF_014824575.3_WHU_Shon_v2.1/GCF_014824575.3_WHU_Shon_v2.1_protein.faa.gz
taxid:109478	Myotis brandtii	https://ftp.ncbi.nlm.nih.gov/genomes/all/GCF/000/412/655/GCF_000412655.1_ASM41265v1/GCF_000412655.1_ASM41265v1_protein.faa.gz
taxid:118797	Lipotes vexillifer	https://ftp.ncbi.nlm.nih.gov/genomes/all/GCF/000/442/215/GCF_000442215.2_Lipotes_vexillifer_v1.1/GCF_000442215.2_Lipotes_vexillifer_v1.1_protein.faa.gz
taxid:10029	Cricetulus griseus	https://ftp.ncbi.nlm.nih.gov/genomes/all/GCF/000/223/135/GCF_000223135.1_CriGri_1.0/GCF_000223135.1_CriGri_1.0_protein.faa.gz
taxid:109475	Suncus etruscus	https://ftp.ncbi.nlm.nih.gov/genomes/all/GCF/024/139/225/GCF_024139225.1_mSunEtr1.pri.cur/GCF_024139225.1_mSunEtr1.pri.cur_protein.faa.gz
taxid:225400	Myotis davidii	https://ftp.ncbi.nlm.nih.gov/genomes/all/GCF/000/327/345/GCF_000327345.1_ASM32734v1/GCF_000327345.1_ASM32734v1_protein.faa.gz
taxid:143302	Condylura cristata	https://ftp.ncbi.nlm.nih.gov/genomes/all/GCF/000/260/355/GCF_000260355.1_ConCri1.0/GCF_000260355.1_ConCri1.0_protein.faa.gz
taxid:33562	Dromiciops gliroides	https://ftp.ncbi.nlm.nih.gov/genomes/all/GCF/019/393/635/GCF_019393635.1_mDroGli1.pri/GCF_019393635.1_mDroGli1.pri_protein.faa.gz
taxid:38626	Phascolarctos cinereus	https://ftp.ncbi.nlm.nih.gov/genomes/all/GCF/002/099/425/GCF_002099425.1_phaCin_unsw_v4.1/GCF_002099425.1_phaCin_unsw_v4.1_protein.faa.gz
taxid:9696	Puma concolor	https://ftp.ncbi.nlm.nih.gov/genomes/all/GCF/003/327/715/GCF_003327715.1_PumCon1.0/GCF_003327715.1_PumCon1.0_protein.faa.gz
taxid:38775	Antechinus flavipes	https://ftp.ncbi.nlm.nih.gov/genomes/all/GCF/016/432/865/GCF_016432865.1_AdamAnt_v2/GCF_016432865.1_AdamAnt_v2_protein.faa.gz
taxid:9915	Bos indicus	https://ftp.ncbi.nlm.nih.gov/genomes/all/GCF/000/247/795/GCF_000247795.1_Bos_indicus_1.0/GCF_000247795.1_Bos_indicus_1.0_protein.faa.gz
taxid:9305	Sarcophilus harrisii	https://ftp.ncbi.nlm.nih.gov/genomes/all/GCF/902/635/505/GCF_902635505.1_mSarHar1.11/GCF_902635505.1_mSarHar1.11_protein.faa.gz
taxid:9337	Trichosurus vulpecula	https://ftp.ncbi.nlm.nih.gov/genomes/all/GCF/011/100/635/GCF_011100635.1_mTriVul1.pri/GCF_011100635.1_mTriVul1.pri_protein.faa.gz
taxid:13616	Monodelphis domestica	https://ftp.ncbi.nlm.nih.gov/genomes/all/GCF/027/887/165/GCF_027887165.1_mMonDom1.pri/GCF_027887165.1_mMonDom1.pri_protein.faa.gz
taxid:9713	Leptonychotes weddellii	https://ftp.ncbi.nlm.nih.gov/genomes/all/GCF/000/349/705/GCF_000349705.1_LepWed1.0/GCF_000349705.1_LepWed1.0_protein.faa.gz
taxid:1868482	Carlito syrichta	https://ftp.ncbi.nlm.nih.gov/genomes/all/GCF/000/164/805/GCF_000164805.1_Tarsius_syrichta-2.0.1/GCF_000164805.1_Tarsius_syrichta-2.0.1_protein.faa.gz
taxid:51338	Castor canadensis	https://ftp.ncbi.nlm.nih.gov/genomes/all/GCF/001/984/765/GCF_001984765.1_C.can_genome_v1.0/GCF_001984765.1_C.can_genome_v1.0_protein.faa.gz
taxid:185453	Chrysochloris asiatica	https://ftp.ncbi.nlm.nih.gov/genomes/all/GCF/000/296/735/GCF_000296735.1_ChrAsi1.0/GCF_000296735.1_ChrAsi1.0_protein.faa.gz
taxid:34884	Callorhinus ursinus	https://ftp.ncbi.nlm.nih.gov/genomes/all/GCF/003/265/705/GCF_003265705.1_ASM326570v1/GCF_003265705.1_ASM326570v1_protein.faa.gz
taxid:191870	Gracilinanus agilis	https://ftp.ncbi.nlm.nih.gov/genomes/all/GCF/016/433/145/GCF_016433145.1_AgileGrace/GCF_016433145.1_AgileGrace_protein.faa.gz
taxid:59463	Myotis lucifugus	https://ftp.ncbi.nlm.nih.gov/genomes/all/GCF/000/147/115/GCF_000147115.1_Myoluc2.0/GCF_000147115.1_Myoluc2.0_protein.faa.gz
taxid:111838	Microtus oregoni	https://ftp.ncbi.nlm.nih.gov/genomes/all/GCF/018/167/655/GCF_018167655.1_Mior012/GCF_018167655.1_Mior012_protein.faa.gz
taxid:9258	Ornithorhynchus anatinus	https://ftp.ncbi.nlm.nih.gov/genomes/all/GCF/004/115/215/GCF_004115215.2_mOrnAna1.pri.v4/GCF_004115215.2_mOrnAna1.pri.v4_protein.faa.gz
taxid:9261	Tachyglossus aculeatus	https://ftp.ncbi.nlm.nih.gov/genomes/all/GCF/015/852/505/GCF_015852505.1_mTacAcu1.pri/GCF_015852505.1_mTacAcu1.pri_protein.faa.gz
taxid:286002	Gopherus flavomarginatus	https://ftp.ncbi.nlm.nih.gov/genomes/all/GCF/025/201/925/GCF_025201925.1_rGopFla2.mat.asm/GCF_025201925.1_rGopFla2.mat.asm_protein.faa.gz
taxid:2991368	Malaclemys terrapin pileata	https://ftp.ncbi.nlm.nih.gov/genomes/all/GCF/027/887/155/GCF_027887155.1_rMalTer1.hap1/GCF_027887155.1_rMalTer1.hap1_protein.faa.gz
taxid:260615	Mauremys reevesii	https://ftp.ncbi.nlm.nih.gov/genomes/all/GCF/016/161/935/GCF_016161935.1_ASM1616193v1/GCF_016161935.1_ASM1616193v1_protein.faa.gz
taxid:8469	Chelonia mydas	https://ftp.ncbi.nlm.nih.gov/genomes/all/GCF/015/237/465/GCF_015237465.2_rCheMyd1.pri.v2/GCF_015237465.2_rCheMyd1.pri.v2_protein.faa.gz
taxid:8467	Caretta caretta	https://ftp.ncbi.nlm.nih.gov/genomes/all/GCF/023/653/815/GCF_023653815.1_GSC_CCare_1.0/GCF_023653815.1_GSC_CCare_1.0_protein.faa.gz
taxid:27794	Dermochelys coriacea	https://ftp.ncbi.nlm.nih.gov/genomes/all/GCF/009/764/565/GCF_009764565.3_rDerCor1.pri.v4/GCF_009764565.3_rDerCor1.pri.v4_protein.faa.gz
taxid:74926	Mauremys mutica	https://ftp.ncbi.nlm.nih.gov/genomes/all/GCF/020/497/125/GCF_020497125.1_ASM2049712v1/GCF_020497125.1_ASM2049712v1_protein.faa.gz
taxid:65483	Podarcis raffonei	https://ftp.ncbi.nlm.nih.gov/genomes/all/GCF/027/172/205/GCF_027172205.1_rPodRaf1.pri/GCF_027172205.1_rPodRaf1.pri_protein.faa.gz
taxid:8496	Alligator mississippiensis	https://ftp.ncbi.nlm.nih.gov/genomes/all/GCF/030/867/095/GCF_030867095.1_rAllMis1/GCF_030867095.1_rAllMis1_protein.faa.gz
taxid:884348	Hemicordylus capensis	https://ftp.ncbi.nlm.nih.gov/genomes/all/GCF/027/244/095/GCF_027244095.1_rHemCap1.1.pri/GCF_027244095.1_rHemCap1.1.pri_protein.faa.gz
taxid:1825980	Gopherus evgoodei	https://ftp.ncbi.nlm.nih.gov/genomes/all/GCF/007/399/415/GCF_007399415.2_rGopEvg1_v1.p/GCF_007399415.2_rGopEvg1_v1.p_protein.faa.gz
taxid:8524	Zootoca vivipara	https://ftp.ncbi.nlm.nih.gov/genomes/all/GCF/963/506/605/GCF_963506605.1_rZooViv1.1/GCF_963506605.1_rZooViv1.1_protein.faa.gz
taxid:481883	Eublepharis macularius	https://ftp.ncbi.nlm.nih.gov/genomes/all/GCF/028/583/425/GCF_028583425.1_MPM_Emac_v1.0/GCF_028583425.1_MPM_Emac_v1.0_protein.faa.gz
taxid:29139	Vombatus ursinus	https://ftp.ncbi.nlm.nih.gov/genomes/all/GCF/900/497/805/GCF_900497805.2_bare-nosed_wombat_genome_assembly/GCF_900497805.2_bare-nosed_wombat_genome_assembly_protein.faa.gz
taxid:80427	Lacerta agilis	https://ftp.ncbi.nlm.nih.gov/genomes/all/GCF/009/819/535/GCF_009819535.1_rLacAgi1.pri/GCF_009819535.1_rLacAgi1.pri_protein.faa.gz
taxid:460621	Euleptes europaea	https://ftp.ncbi.nlm.nih.gov/genomes/all/GCF/029/931/775/GCF_029931775.1_rEulEur1.hap1/GCF_029931775.1_rEulEur1.hap1_protein.faa.gz
taxid:28737	Elephantulus edwardii	https://ftp.ncbi.nlm.nih.gov/genomes/all/GCF/000/299/155/GCF_000299155.1_EleEdw1.0/GCF_000299155.1_EleEdw1.0_protein.faa.gz
taxid:13085	Heteronotia binoei	https://ftp.ncbi.nlm.nih.gov/genomes/all/GCF/032/191/835/GCF_032191835.1_APGP_CSIRO_Hbin_v1/GCF_032191835.1_APGP_CSIRO_Hbin_v1_protein.faa.gz
taxid:106734	Chelonoidis abingdonii	https://ftp.ncbi.nlm.nih.gov/genomes/all/GCF/003/597/395/GCF_003597395.1_ASM359739v1/GCF_003597395.1_ASM359739v1_protein.faa.gz
taxid:2962859	Anolis sagrei ordinatus	https://ftp.ncbi.nlm.nih.gov/genomes/all/GCF/025/583/915/GCF_025583915.1_AnoSag2.1/GCF_025583915.1_AnoSag2.1_protein.faa.gz
taxid:61221	Varanus komodoensis	https://ftp.ncbi.nlm.nih.gov/genomes/all/GCF/004/798/865/GCF_004798865.1_ASM479886v1/GCF_004798865.1_ASM479886v1_protein.faa.gz
taxid:103695	Pogona vitticeps	https://ftp.ncbi.nlm.nih.gov/genomes/all/GCF/900/067/755/GCF_900067755.1_pvi1.1/GCF_900067755.1_pvi1.1_protein.faa.gz
taxid:64176	Podarcis muralis	https://ftp.ncbi.nlm.nih.gov/genomes/all/GCF/004/329/235/GCF_004329235.1_PodMur_1.0/GCF_004329235.1_PodMur_1.0_protein.faa.gz
taxid:8520	Sceloporus undulatus	https://ftp.ncbi.nlm.nih.gov/genomes/all/GCF/019/175/285/GCF_019175285.1_SceUnd_v1.1/GCF_019175285.1_SceUnd_v1.1_protein.faa.gz
taxid:88082	Crotalus tigris	https://ftp.ncbi.nlm.nih.gov/genomes/all/GCF/016/545/835/GCF_016545835.1_ASM1654583v1/GCF_016545835.1_ASM1654583v1_protein.faa.gz
taxid:260995	Geotrypetes seraphini	https://ftp.ncbi.nlm.nih.gov/genomes/all/GCF/902/459/505/GCF_902459505.1_aGeoSer1.1/GCF_902459505.1_aGeoSer1.1_protein.faa.gz
taxid:31138	Trachemys scripta elegans	https://ftp.ncbi.nlm.nih.gov/genomes/all/GCF/013/100/865/GCF_013100865.1_CAS_Tse_1.0/GCF_013100865.1_CAS_Tse_1.0_protein.faa.gz
taxid:38654	Alligator sinensis	https://ftp.ncbi.nlm.nih.gov/genomes/all/GCF/000/455/745/GCF_000455745.1_ASM45574v1/GCF_000455745.1_ASM45574v1_protein.faa.gz
taxid:9117	Grus americana	https://ftp.ncbi.nlm.nih.gov/genomes/all/GCF/028/858/705/GCF_028858705.1_bGruAme1.mat/GCF_028858705.1_bGruAme1.mat_protein.faa.gz
taxid:933632	Sphaerodactylus townsendi	https://ftp.ncbi.nlm.nih.gov/genomes/all/GCF/021/028/975/GCF_021028975.2_MPM_Stown_v2.3/GCF_021028975.2_MPM_Stown_v2.3_protein.faa.gz
taxid:194408	Rhinatrema bivittatum	https://ftp.ncbi.nlm.nih.gov/genomes/all/GCF/901/001/135/GCF_901001135.1_aRhiBiv1.1/GCF_901001135.1_aRhiBiv1.1_protein.faa.gz
taxid:94885	Pantherophis guttatus	https://ftp.ncbi.nlm.nih.gov/genomes/all/GCF/029/531/705/GCF_029531705.1_CU_Pguttatus_1/GCF_029531705.1_CU_Pguttatus_1_protein.faa.gz
taxid:499056	Ahaetulla prasina	https://ftp.ncbi.nlm.nih.gov/genomes/all/GCF/028/640/845/GCF_028640845.1_ASM2864084v1/GCF_028640845.1_ASM2864084v1_protein.faa.gz
taxid:8957	Accipiter gentilis	https://ftp.ncbi.nlm.nih.gov/genomes/all/GCF/929/443/795/GCF_929443795.1_bAccGen1.1/GCF_929443795.1_bAccGen1.1_protein.faa.gz
taxid:233779	Spea bombifrons	https://ftp.ncbi.nlm.nih.gov/genomes/all/GCF/027/358/695/GCF_027358695.1_aSpeBom1.2.pri/GCF_027358695.1_aSpeBom1.2.pri_protein.faa.gz
taxid:8364	Xenopus tropicalis	https://ftp.ncbi.nlm.nih.gov/genomes/all/GCF/000/004/195/GCF_000004195.4_UCB_Xtro_10.0/GCF_000004195.4_UCB_Xtro_10.0_protein.faa.gz
taxid:202280	Harpia harpyja	https://ftp.ncbi.nlm.nih.gov/genomes/all/GCF/026/419/915/GCF_026419915.1_bHarHar1_primary_haplotype/GCF_026419915.1_bHarHar1_primary_haplotype_protein.faa.gz
taxid:55661	Cuculus canorus	https://ftp.ncbi.nlm.nih.gov/genomes/all/GCF/017/976/375/GCF_017976375.1_bCucCan1.pri/GCF_017976375.1_bCucCan1.pri_protein.faa.gz
taxid:1415580	Microcaecilia unicolor	https://ftp.ncbi.nlm.nih.gov/genomes/all/GCF/901/765/095/GCF_901765095.1_aMicUni1.1/GCF_901765095.1_aMicUni1.1_protein.faa.gz
taxid:223781	Aquila chrysaetos chrysaetos	https://ftp.ncbi.nlm.nih.gov/genomes/all/GCF/900/496/995/GCF_900496995.4_bAquChr1.4/GCF_900496995.4_bAquChr1.4_protein.faa.gz
taxid:8673	Pseudonaja textilis	https://ftp.ncbi.nlm.nih.gov/genomes/all/GCF/900/518/735/GCF_900518735.1_EBS10Xv2-PRI/GCF_900518735.1_EBS10Xv2-PRI_protein.faa.gz
taxid:9031	Gallus gallus	https://ftp.ncbi.nlm.nih.gov/genomes/all/GCF/016/699/485/GCF_016699485.2_bGalGal1.mat.broiler.GRCg7b/GCF_016699485.2_bGalGal1.mat.broiler.GRCg7b_protein.faa.gz
taxid:13146	Melopsittacus undulatus	https://ftp.ncbi.nlm.nih.gov/genomes/all/GCF/012/275/295/GCF_012275295.1_bMelUnd1.mat.Z/GCF_012275295.1_bMelUnd1.mat.Z_protein.faa.gz
taxid:2857398	Ammospiza caudacuta	https://ftp.ncbi.nlm.nih.gov/genomes/all/GCF/027/887/145/GCF_027887145.1_bAmmCau1.pri/GCF_027887145.1_bAmmCau1.pri_protein.faa.gz
taxid:181119	Pseudopodoces humilis	https://ftp.ncbi.nlm.nih.gov/genomes/all/GCF/000/331/425/GCF_000331425.1_PseHum1.0/GCF_000331425.1_PseHum1.0_protein.faa.gz
taxid:81927	Vidua chalybeata	https://ftp.ncbi.nlm.nih.gov/genomes/all/GCF/026/979/565/GCF_026979565.1_bVidCha1_merged_haplotype/GCF_026979565.1_bVidCha1_merged_haplotype_protein.faa.gz
taxid:59729	Taeniopygia guttata	https://ftp.ncbi.nlm.nih.gov/genomes/all/GCF/003/957/565/GCF_003957565.2_bTaeGut1.4.pri/GCF_003957565.2_bTaeGut1.4.pri_protein.faa.gz
taxid:37040	Gavia stellata	https://ftp.ncbi.nlm.nih.gov/genomes/all/GCF/030/936/135/GCF_030936135.1_bGavSte3.hap2/GCF_030936135.1_bGavSte3.hap2_protein.faa.gz
taxid:35005	Thamnophis elegans	https://ftp.ncbi.nlm.nih.gov/genomes/all/GCF/009/769/535/GCF_009769535.1_rThaEle1.pri/GCF_009769535.1_rThaEle1.pri_protein.faa.gz
taxid:478635	Myiozetetes cayanensis	https://ftp.ncbi.nlm.nih.gov/genomes/all/GCF/022/539/395/GCF_022539395.1_myiCay2020/GCF_022539395.1_myiCay2020_protein.faa.gz
taxid:2489341	Strigops habroptila	https://ftp.ncbi.nlm.nih.gov/genomes/all/GCF/004/027/225/GCF_004027225.2_bStrHab1.2.pri/GCF_004027225.2_bStrHab1.2.pri_protein.faa.gz
taxid:146911	Gekko japonicus	https://ftp.ncbi.nlm.nih.gov/genomes/all/GCF/001/447/785/GCF_001447785.1_Gekko_japonicus_V1.1/GCF_001447785.1_Gekko_japonicus_V1.1_protein.faa.gz
taxid:30427	Haemorhous mexicanus	https://ftp.ncbi.nlm.nih.gov/genomes/all/GCF/027/477/595/GCF_027477595.1_bHaeMex1.pri/GCF_027477595.1_bHaeMex1.pri_protein.faa.gz
taxid:8384	Bufo bufo	https://ftp.ncbi.nlm.nih.gov/genomes/all/GCF/905/171/765/GCF_905171765.1_aBufBuf1.1/GCF_905171765.1_aBufBuf1.1_protein.faa.gz
taxid:120794	Falco rusticolus	https://ftp.ncbi.nlm.nih.gov/genomes/all/GCF/015/220/075/GCF_015220075.1_bFalRus1.pri/GCF_015220075.1_bFalRus1.pri_protein.faa.gz
taxid:52644	Haliaeetus leucocephalus	https://ftp.ncbi.nlm.nih.gov/genomes/all/GCF/000/737/465/GCF_000737465.1_Haliaeetus_leucocephalus-4.0/GCF_000737465.1_Haliaeetus_leucocephalus-4.0_protein.faa.gz
taxid:75485	Rissa tridactyla	https://ftp.ncbi.nlm.nih.gov/genomes/all/GCF/028/500/815/GCF_028500815.1_bRisTri1.patW.cur.20221130/GCF_028500815.1_bRisTri1.patW.cur.20221130_protein.faa.gz
taxid:345164	Falco cherrug	https://ftp.ncbi.nlm.nih.gov/genomes/all/GCF/023/634/085/GCF_023634085.1_bFalChe1.pri/GCF_023634085.1_bFalChe1.pri_protein.faa.gz
taxid:327740	Hyla sarda	https://ftp.ncbi.nlm.nih.gov/genomes/all/GCF/029/499/605/GCF_029499605.1_aHylSar1.hap1/GCF_029499605.1_aHylSar1.hap1_protein.faa.gz
taxid:87175	Camarhynchus parvulus	https://ftp.ncbi.nlm.nih.gov/genomes/all/GCF/901/933/205/GCF_901933205.1_STF_HiC/GCF_901933205.1_STF_HiC_protein.faa.gz
taxid:8869	Cygnus olor	https://ftp.ncbi.nlm.nih.gov/genomes/all/GCF/009/769/625/GCF_009769625.2_bCygOlo1.pri.v2/GCF_009769625.2_bCygOlo1.pri.v2_protein.faa.gz
taxid:35540	Pezoporus wallicus	https://ftp.ncbi.nlm.nih.gov/genomes/all/GCF/028/554/395/GCF_028554395.1_APGP_CSIRO_Pwel_v1/GCF_028554395.1_APGP_CSIRO_Pwel_v1_protein.faa.gz
taxid:148594	Falco naumanni	https://ftp.ncbi.nlm.nih.gov/genomes/all/GCF/017/639/655/GCF_017639655.2_bFalNau1.pat/GCF_017639655.2_bFalNau1.pat_protein.faa.gz
taxid:8868	Cygnus atratus	https://ftp.ncbi.nlm.nih.gov/genomes/all/GCF/013/377/495/GCF_013377495.2_CAtr_DNAZoo_HiC_assembly/GCF_013377495.2_CAtr_DNAZoo_HiC_assembly_protein.faa.gz
taxid:8954	Falco peregrinus	https://ftp.ncbi.nlm.nih.gov/genomes/all/GCF/023/634/155/GCF_023634155.1_bFalPer1.pri/GCF_023634155.1_bFalPer1.pri_protein.faa.gz
taxid:8345	Bombina bombina	https://ftp.ncbi.nlm.nih.gov/genomes/all/GCF/027/579/735/GCF_027579735.1_aBomBom1.pri/GCF_027579735.1_aBomBom1.pri_protein.faa.gz
taxid:134902	Corvus hawaiiensis	https://ftp.ncbi.nlm.nih.gov/genomes/all/GCF/020/740/725/GCF_020740725.1_bCorHaw1.pri.cur/GCF_020740725.1_bCorHaw1.pri.cur_protein.faa.gz
taxid:8663	Notechis scutatus	https://ftp.ncbi.nlm.nih.gov/genomes/all/GCF/900/518/725/GCF_900518725.1_TS10Xv2-PRI/GCF_900518725.1_TS10Xv2-PRI_protein.faa.gz
taxid:1196302	Corvus moneduloides	https://ftp.ncbi.nlm.nih.gov/genomes/all/GCF/009/650/955/GCF_009650955.1_bCorMon1.pri/GCF_009650955.1_bCorMon1.pri_protein.faa.gz
taxid:9054	Phasianus colchicus	https://ftp.ncbi.nlm.nih.gov/genomes/all/GCF/004/143/745/GCF_004143745.1_ASM414374v1/GCF_004143745.1_ASM414374v1_protein.faa.gz
taxid:91951	Catharus ustulatus	https://ftp.ncbi.nlm.nih.gov/genomes/all/GCF/009/819/885/GCF_009819885.2_bCatUst1.pri.v2/GCF_009819885.2_bCatUst1.pri.v2_protein.faa.gz
taxid:28377	Anolis carolinensis	https://ftp.ncbi.nlm.nih.gov/genomes/all/GCF/000/090/745/GCF_000090745.2_AnoCar2.0/GCF_000090745.2_AnoCar2.0_protein.faa.gz
taxid:308060	Apteryx rowi	https://ftp.ncbi.nlm.nih.gov/genomes/all/GCF/003/343/035/GCF_003343035.1_aptRow1/GCF_003343035.1_aptRow1_protein.faa.gz
taxid:93934	Coturnix japonica	https://ftp.ncbi.nlm.nih.gov/genomes/all/GCF/001/577/835/GCF_001577835.2_Coturnix_japonica_2.1/GCF_001577835.2_Coturnix_japonica_2.1_protein.faa.gz
taxid:415023	Manacus candei	https://ftp.ncbi.nlm.nih.gov/genomes/all/GCF/025/592/945/GCF_025592945.1_ASM2559294v1/GCF_025592945.1_ASM2559294v1_protein.faa.gz
taxid:8407	Rana temporaria	https://ftp.ncbi.nlm.nih.gov/genomes/all/GCF/905/171/775/GCF_905171775.1_aRanTem1.1/GCF_905171775.1_aRanTem1.1_protein.faa.gz
taxid:187451	Vidua macroura	https://ftp.ncbi.nlm.nih.gov/genomes/all/GCF/024/509/145/GCF_024509145.1_ASM2450914v1/GCF_024509145.1_ASM2450914v1_protein.faa.gz
taxid:39638	Agelaius phoeniceus	https://ftp.ncbi.nlm.nih.gov/genomes/all/GCF/020/745/825/GCF_020745825.1_Agelaius_phoeniceus_1.1/GCF_020745825.1_Agelaius_phoeniceus_1.1_protein.faa.gz
taxid:56313	Tyto alba	https://ftp.ncbi.nlm.nih.gov/genomes/all/GCF/018/691/265/GCF_018691265.1_T.alba_DEE_v4.0/GCF_018691265.1_T.alba_DEE_v4.0_protein.faa.gz
taxid:219594	Aythya fuligula	https://ftp.ncbi.nlm.nih.gov/genomes/all/GCF/009/819/795/GCF_009819795.1_bAytFul2.pri/GCF_009819795.1_bAytFul2.pri_protein.faa.gz
taxid:9160	Passer montanus	https://ftp.ncbi.nlm.nih.gov/genomes/all/GCF/014/805/655/GCF_014805655.1_ASM1480565v1/GCF_014805655.1_ASM1480565v1_protein.faa.gz
taxid:345155	Falco biarmicus	https://ftp.ncbi.nlm.nih.gov/genomes/all/GCF/023/638/135/GCF_023638135.1_bFalBia1.pri/GCF_023638135.1_bFalBia1.pri_protein.faa.gz
taxid:2939378	Oenanthe melanoleuca	https://ftp.ncbi.nlm.nih.gov/genomes/all/GCF/029/582/105/GCF_029582105.1_OMel1.0/GCF_029582105.1_OMel1.0_protein.faa.gz
taxid:8845	Anser cygnoides	https://ftp.ncbi.nlm.nih.gov/genomes/all/GCF/002/166/845/GCF_002166845.1_GooseV1.0/GCF_002166845.1_GooseV1.0_protein.faa.gz
taxid:8996	Numida meleagris	https://ftp.ncbi.nlm.nih.gov/genomes/all/GCF/002/078/875/GCF_002078875.1_NumMel1.0/GCF_002078875.1_NumMel1.0_protein.faa.gz
taxid:13735	Pelodiscus sinensis	https://ftp.ncbi.nlm.nih.gov/genomes/all/GCF/000/230/535/GCF_000230535.1_PelSin_1.0/GCF_000230535.1_PelSin_1.0_protein.faa.gz
taxid:84834	Molothrus ater	https://ftp.ncbi.nlm.nih.gov/genomes/all/GCF/012/460/135/GCF_012460135.2_BPBGC_Mater_1.1/GCF_012460135.2_BPBGC_Mater_1.1_protein.faa.gz
taxid:356909	Onychostruthus taczanowskii	https://ftp.ncbi.nlm.nih.gov/genomes/all/GCF/017/590/055/GCF_017590055.1_ASM1759005v1/GCF_017590055.1_ASM1759005v1_protein.faa.gz
taxid:40204	Melozone crissalis	https://ftp.ncbi.nlm.nih.gov/genomes/all/GCF/028/551/555/GCF_028551555.1_PUWL_Pcris_2/GCF_028551555.1_PUWL_Pcris_2_protein.faa.gz
taxid:9172	Sturnus vulgaris	https://ftp.ncbi.nlm.nih.gov/genomes/all/GCF/001/447/265/GCF_001447265.1_Sturnus_vulgaris-1.0/GCF_001447265.1_Sturnus_vulgaris-1.0_protein.faa.gz
taxid:221976	Pyrgilauda ruficollis	https://ftp.ncbi.nlm.nih.gov/genomes/all/GCF/017/590/135/GCF_017590135.1_ASM1759013v1/GCF_017590135.1_ASM1759013v1_protein.faa.gz
taxid:296741	Chiroxiphia lanceolata	https://ftp.ncbi.nlm.nih.gov/genomes/all/GCF/009/829/145/GCF_009829145.1_bChiLan1.pri/GCF_009829145.1_bChiLan1.pri_protein.faa.gz
taxid:8790	Dromaius novaehollandiae	https://ftp.ncbi.nlm.nih.gov/genomes/all/GCF/003/342/905/GCF_003342905.1_droNov1/GCF_003342905.1_droNov1_protein.faa.gz
taxid:64668	Lagopus muta	https://ftp.ncbi.nlm.nih.gov/genomes/all/GCF/023/343/835/GCF_023343835.1_bLagMut1_primary/GCF_023343835.1_bLagMut1_primary_protein.faa.gz
taxid:109042	Tympanuchus pallidicinctus	https://ftp.ncbi.nlm.nih.gov/genomes/all/GCF/026/119/805/GCF_026119805.1_pur_lepc_1.0/GCF_026119805.1_pur_lepc_1.0_protein.faa.gz
taxid:8839	Anas platyrhynchos	https://ftp.ncbi.nlm.nih.gov/genomes/all/GCF/015/476/345/GCF_015476345.1_ZJU1.0/GCF_015476345.1_ZJU1.0_protein.faa.gz
taxid:299123	Lonchura striata domestica	https://ftp.ncbi.nlm.nih.gov/genomes/all/GCF/005/870/125/GCF_005870125.1_lonStrDom2/GCF_005870125.1_lonStrDom2_protein.faa.gz
taxid:176946	Python bivittatus	https://ftp.ncbi.nlm.nih.gov/genomes/all/GCF/000/186/305/GCF_000186305.1_Python_molurus_bivittatus-5.0.2/GCF_000186305.1_Python_molurus_bivittatus-5.0.2_protein.faa.gz
taxid:30464	Nothoprocta perdicaria	https://ftp.ncbi.nlm.nih.gov/genomes/all/GCF/003/342/845/GCF_003342845.1_notPer1/GCF_003342845.1_notPer1_protein.faa.gz
taxid:8884	Oxyura jamaicensis	https://ftp.ncbi.nlm.nih.gov/genomes/all/GCF/011/077/185/GCF_011077185.1_BPBGC_Ojam_1.0/GCF_011077185.1_BPBGC_Ojam_1.0_protein.faa.gz
taxid:2857394	Ammospiza nelsoni	https://ftp.ncbi.nlm.nih.gov/genomes/all/GCF/027/579/445/GCF_027579445.1_bAmmNel1.pri/GCF_027579445.1_bAmmNel1.pri_protein.faa.gz
taxid:9135	Serinus canaria	https://ftp.ncbi.nlm.nih.gov/genomes/all/GCF/022/539/315/GCF_022539315.1_serCan2020/GCF_022539315.1_serCan2020_protein.faa.gz
taxid:2587831	Terrapene carolina triunguis	https://ftp.ncbi.nlm.nih.gov/genomes/all/GCF/002/925/995/GCF_002925995.2_T_m_triunguis-2.0/GCF_002925995.2_T_m_triunguis-2.0_protein.faa.gz
taxid:118200	Dryobates pubescens	https://ftp.ncbi.nlm.nih.gov/genomes/all/GCF/014/839/835/GCF_014839835.1_bDryPub1.pri/GCF_014839835.1_bDryPub1.pri_protein.faa.gz
taxid:321398	Lepidothrix coronata	https://ftp.ncbi.nlm.nih.gov/genomes/all/GCF/001/604/755/GCF_001604755.1_Lepidothrix_coronata-1.0/GCF_001604755.1_Lepidothrix_coronata-1.0_protein.faa.gz
taxid:103944	Protobothrops mucrosquamatus	https://ftp.ncbi.nlm.nih.gov/genomes/all/GCF/001/527/695/GCF_001527695.2_P.Mucros_1.0/GCF_001527695.2_P.Mucros_1.0_protein.faa.gz
taxid:43150	Hirundo rustica	https://ftp.ncbi.nlm.nih.gov/genomes/all/GCF/015/227/805/GCF_015227805.2_bHirRus1.pri.v3/GCF_015227805.2_bHirRus1.pri.v3_protein.faa.gz
taxid:44398	Melospiza georgiana	https://ftp.ncbi.nlm.nih.gov/genomes/all/GCF/028/018/845/GCF_028018845.1_bMelGeo1.pri/GCF_028018845.1_bMelGeo1.pri_protein.faa.gz
taxid:649802	Pipra filicauda	https://ftp.ncbi.nlm.nih.gov/genomes/all/GCF/003/945/595/GCF_003945595.2_ASM394559v2/GCF_003945595.2_ASM394559v2_protein.faa.gz
taxid:30410	Lagopus leucura	https://ftp.ncbi.nlm.nih.gov/genomes/all/GCF/019/238/085/GCF_019238085.1_USGS_WTPT01/GCF_019238085.1_USGS_WTPT01_protein.faa.gz
taxid:415028	Corapipo altera	https://ftp.ncbi.nlm.nih.gov/genomes/all/GCF/003/945/725/GCF_003945725.1_ASM394572v1/GCF_003945725.1_ASM394572v1_protein.faa.gz
taxid:198806	Calidris pugnax	https://ftp.ncbi.nlm.nih.gov/genomes/all/GCF/001/431/845/GCF_001431845.1_ASM143184v1/GCF_001431845.1_ASM143184v1_protein.faa.gz
taxid:48891	Poecile atricapillus	https://ftp.ncbi.nlm.nih.gov/genomes/all/GCF/030/490/865/GCF_030490865.1_bPoeAtr1.hap1/GCF_030490865.1_bPoeAtr1.hap1_protein.faa.gz
taxid:9157	Parus major	https://ftp.ncbi.nlm.nih.gov/genomes/all/GCF/001/522/545/GCF_001522545.3_Parus_major1.1/GCF_001522545.3_Parus_major1.1_protein.faa.gz
taxid:128390	Nipponia nippon	https://ftp.ncbi.nlm.nih.gov/genomes/all/GCF/000/708/225/GCF_000708225.1_ASM70822v1/GCF_000708225.1_ASM70822v1_protein.faa.gz
taxid:114329	Neopelma chrysocephalum	https://ftp.ncbi.nlm.nih.gov/genomes/all/GCF/003/984/885/GCF_003984885.1_ASM398488v2/GCF_003984885.1_ASM398488v2_protein.faa.gz
taxid:33616	Gymnogyps californianus	https://ftp.ncbi.nlm.nih.gov/genomes/all/GCF/018/139/145/GCF_018139145.2_ASM1813914v2/GCF_018139145.2_ASM1813914v2_protein.faa.gz
taxid:8895	Apus apus	https://ftp.ncbi.nlm.nih.gov/genomes/all/GCF/020/740/795/GCF_020740795.1_bApuApu2.pri.cur/GCF_020740795.1_bApuApu2.pri.cur_protein.faa.gz
taxid:1094192	Motacilla alba alba	https://ftp.ncbi.nlm.nih.gov/genomes/all/GCF/015/832/195/GCF_015832195.1_Motacilla_alba_V1.0_pri/GCF_015832195.1_Motacilla_alba_V1.0_pri_protein.faa.gz
taxid:7888	Protopterus annectens	https://ftp.ncbi.nlm.nih.gov/genomes/all/GCF/019/279/795/GCF_019279795.1_PAN1.0/GCF_019279795.1_PAN1.0_protein.faa.gz
taxid:8502	Crocodylus porosus	https://ftp.ncbi.nlm.nih.gov/genomes/all/GCF/001/723/895/GCF_001723895.1_CroPor_comp1/GCF_001723895.1_CroPor_comp1_protein.faa.gz
taxid:164674	Empidonax traillii	https://ftp.ncbi.nlm.nih.gov/genomes/all/GCF/003/031/625/GCF_003031625.1_ASM303162v1/GCF_003031625.1_ASM303162v1_protein.faa.gz
taxid:9244	Calypte anna	https://ftp.ncbi.nlm.nih.gov/genomes/all/GCF/003/957/555/GCF_003957555.1_bCalAnn1_v1.p/GCF_003957555.1_bCalAnn1_v1.p_protein.faa.gz
taxid:30331	Bufo gargarizans	https://ftp.ncbi.nlm.nih.gov/genomes/all/GCF/014/858/855/GCF_014858855.1_ASM1485885v1/GCF_014858855.1_ASM1485885v1_protein.faa.gz
taxid:175006	Malurus melanocephalus	https://ftp.ncbi.nlm.nih.gov/genomes/all/GCF/030/028/575/GCF_030028575.1_MMel_1.1/GCF_030028575.1_MMel_1.1_protein.faa.gz
taxid:9002	Centrocercus urophasianus	https://ftp.ncbi.nlm.nih.gov/genomes/all/GCF/019/232/065/GCF_019232065.1_USGS_Curo_1.0/GCF_019232065.1_USGS_Curo_1.0_protein.faa.gz
taxid:59894	Ficedula albicollis	https://ftp.ncbi.nlm.nih.gov/genomes/all/GCF/000/247/815/GCF_000247815.1_FicAlb1.5/GCF_000247815.1_FicAlb1.5_protein.faa.gz
taxid:8932	Columba livia	https://ftp.ncbi.nlm.nih.gov/genomes/all/GCF/000/337/935/GCF_000337935.1_Cliv_1.0/GCF_000337935.1_Cliv_1.0_protein.faa.gz
taxid:1002788	Indicator indicator	https://ftp.ncbi.nlm.nih.gov/genomes/all/GCF/027/791/375/GCF_027791375.1_UM_Iind_1.1/GCF_027791375.1_UM_Iind_1.1_protein.faa.gz
taxid:125878	Nanorana parkeri	https://ftp.ncbi.nlm.nih.gov/genomes/all/GCF/000/935/625/GCF_000935625.1_ASM93562v1/GCF_000935625.1_ASM93562v1_protein.faa.gz
taxid:9233	Aptenodytes forsteri	https://ftp.ncbi.nlm.nih.gov/genomes/all/GCF/000/699/145/GCF_000699145.1_ASM69914v1/GCF_000699145.1_ASM69914v1_protein.faa.gz
taxid:50402	Charadrius vociferus	https://ftp.ncbi.nlm.nih.gov/genomes/all/GCF/000/708/025/GCF_000708025.1_ASM70802v2/GCF_000708025.1_ASM70802v2_protein.faa.gz
taxid:85066	Corvus brachyrhynchos	https://ftp.ncbi.nlm.nih.gov/genomes/all/GCF/000/691/975/GCF_000691975.1_ASM69197v1/GCF_000691975.1_ASM69197v1_protein.faa.gz
taxid:932674	Corvus cornix cornix	https://ftp.ncbi.nlm.nih.gov/genomes/all/GCF/000/738/735/GCF_000738735.6_ASM73873v6/GCF_000738735.6_ASM73873v6_protein.faa.gz
taxid:94835	Gavialis gangeticus	https://ftp.ncbi.nlm.nih.gov/genomes/all/GCF/001/723/915/GCF_001723915.1_GavGan_comp1/GCF_001723915.1_GavGan_comp1_protein.faa.gz
taxid:441894	Struthio camelus australis	https://ftp.ncbi.nlm.nih.gov/genomes/all/GCF/000/698/965/GCF_000698965.1_ASM69896v1/GCF_000698965.1_ASM69896v1_protein.faa.gz
taxid:68294	Corvus kubaryi	https://ftp.ncbi.nlm.nih.gov/genomes/all/GCF/017/639/235/GCF_017639235.1_C.kubaryi_AGA036_p1.0/GCF_017639235.1_C.kubaryi_AGA036_p1.0_protein.faa.gz
taxid:8897	Chaetura pelagica	https://ftp.ncbi.nlm.nih.gov/genomes/all/GCF/000/747/805/GCF_000747805.2_ChaPel_1.1/GCF_000747805.2_ChaPel_1.1_protein.faa.gz
taxid:48883	Geospiza fortis	https://ftp.ncbi.nlm.nih.gov/genomes/all/GCF/000/277/835/GCF_000277835.1_GeoFor_1.0/GCF_000277835.1_GeoFor_1.0_protein.faa.gz
taxid:202946	Apteryx mantelli mantelli	https://ftp.ncbi.nlm.nih.gov/genomes/all/GCF/001/039/765/GCF_001039765.1_AptMant0/GCF_001039765.1_AptMant0_protein.faa.gz
taxid:156563	Cyanistes caeruleus	https://ftp.ncbi.nlm.nih.gov/genomes/all/GCF/002/901/205/GCF_002901205.1_cyaCae2/GCF_002901205.1_cyaCae2_protein.faa.gz
taxid:328815	Manacus vitellinus	https://ftp.ncbi.nlm.nih.gov/genomes/all/GCF/001/715/985/GCF_001715985.3_ASM171598v3/GCF_001715985.3_ASM171598v3_protein.faa.gz
taxid:188379	Egretta garzetta	https://ftp.ncbi.nlm.nih.gov/genomes/all/GCF/000/687/185/GCF_000687185.1_ASM68718v1/GCF_000687185.1_ASM68718v1_protein.faa.gz
taxid:9238	Pygoscelis adeliae	https://ftp.ncbi.nlm.nih.gov/genomes/all/GCF/000/699/105/GCF_000699105.1_ASM69910v1/GCF_000699105.1_ASM69910v1_protein.faa.gz
taxid:194338	Athene cunicularia	https://ftp.ncbi.nlm.nih.gov/genomes/all/GCF/003/259/725/GCF_003259725.1_athCun1/GCF_003259725.1_athCun1_protein.faa.gz
taxid:9103	Meleagris gallopavo	https://ftp.ncbi.nlm.nih.gov/genomes/all/GCF/000/146/605/GCF_000146605.3_Turkey_5.1/GCF_000146605.3_Turkey_5.1_protein.faa.gz
taxid:386614	Amblyraja radiata	https://ftp.ncbi.nlm.nih.gov/genomes/all/GCF/010/909/765/GCF_010909765.2_sAmbRad1.1.pri/GCF_010909765.2_sAmbRad1.1.pri_protein.faa.gz
taxid:44394	Zonotrichia albicollis	https://ftp.ncbi.nlm.nih.gov/genomes/all/GCF/000/385/455/GCF_000385455.1_Zonotrichia_albicollis-1.0.1/GCF_000385455.1_Zonotrichia_albicollis-1.0.1_protein.faa.gz
taxid:94827	Tinamus guttatus	https://ftp.ncbi.nlm.nih.gov/genomes/all/GCF/000/705/375/GCF_000705375.1_ASM70537v2/GCF_000705375.1_ASM70537v2_protein.faa.gz
taxid:30419	Opisthocomus hoazin	https://ftp.ncbi.nlm.nih.gov/genomes/all/GCF/000/692/075/GCF_000692075.1_ASM69207v1/GCF_000692075.1_ASM69207v1_protein.faa.gz
taxid:35019	Thamnophis sirtalis	https://ftp.ncbi.nlm.nih.gov/genomes/all/GCF/001/077/635/GCF_001077635.1_Thamnophis_sirtalis-6.0/GCF_001077635.1_Thamnophis_sirtalis-6.0_protein.faa.gz
taxid:7955	Danio rerio	https://ftp.ncbi.nlm.nih.gov/genomes/all/GCF/000/002/035/GCF_000002035.6_GRCz11/GCF_000002035.6_GRCz11_protein.faa.gz
taxid:176057	Nestor notabilis	https://ftp.ncbi.nlm.nih.gov/genomes/all/GCF/000/696/875/GCF_000696875.1_ASM69687v1/GCF_000696875.1_ASM69687v1_protein.faa.gz
taxid:84645	Labeo rohita	https://ftp.ncbi.nlm.nih.gov/genomes/all/GCF/022/985/175/GCF_022985175.1_IGBB_LRoh.1.0/GCF_022985175.1_IGBB_LRoh.1.0_protein.faa.gz
taxid:57068	Acanthisitta chloris	https://ftp.ncbi.nlm.nih.gov/genomes/all/GCF/000/695/815/GCF_000695815.1_ASM69581v1/GCF_000695815.1_ASM69581v1_protein.faa.gz
taxid:75352	Megalobrama amblycephala	https://ftp.ncbi.nlm.nih.gov/genomes/all/GCF/018/812/025/GCF_018812025.1_ASM1881202v1/GCF_018812025.1_ASM1881202v1_protein.faa.gz
taxid:42514	Pygocentrus nattereri	https://ftp.ncbi.nlm.nih.gov/genomes/all/GCF/015/220/715/GCF_015220715.1_fPygNat1.pri/GCF_015220715.1_fPygNat1.pri_protein.faa.gz
taxid:42526	Colossoma macropomum	https://ftp.ncbi.nlm.nih.gov/genomes/all/GCF/904/425/465/GCF_904425465.1_Colossoma_macropomum/GCF_904425465.1_Colossoma_macropomum_protein.faa.gz
taxid:369639	Onychostoma macrolepis	https://ftp.ncbi.nlm.nih.gov/genomes/all/GCF/012/432/095/GCF_012432095.1_ASM1243209v1/GCF_012432095.1_ASM1243209v1_protein.faa.gz
taxid:188344	Leptosomus discolor	https://ftp.ncbi.nlm.nih.gov/genomes/all/GCF/000/691/785/GCF_000691785.1_ASM69178v1/GCF_000691785.1_ASM69178v1_protein.faa.gz
taxid:7994	Astyanax mexicanus	https://ftp.ncbi.nlm.nih.gov/genomes/all/GCF/023/375/975/GCF_023375975.1_AstMex3_surface/GCF_023375975.1_AstMex3_surface_protein.faa.gz
taxid:100784	Balearica regulorum gibbericeps	https://ftp.ncbi.nlm.nih.gov/genomes/all/GCF/000/709/895/GCF_000709895.1_ASM70989v1/GCF_000709895.1_ASM70989v1_protein.faa.gz
taxid:8005	Electrophorus electricus	https://ftp.ncbi.nlm.nih.gov/genomes/all/GCF/013/358/815/GCF_013358815.1_fEleEle1.pri/GCF_013358815.1_fEleEle1.pri_protein.faa.gz
taxid:97097	Phaethon lepturus	https://ftp.ncbi.nlm.nih.gov/genomes/all/GCF/000/687/285/GCF_000687285.1_ASM68728v1/GCF_000687285.1_ASM68728v1_protein.faa.gz
taxid:54380	Cariama cristata	https://ftp.ncbi.nlm.nih.gov/genomes/all/GCF/000/690/535/GCF_000690535.1_ASM69053v1/GCF_000690535.1_ASM69053v1_protein.faa.gz
taxid:7959	Ctenopharyngodon idella	https://ftp.ncbi.nlm.nih.gov/genomes/all/GCF/019/924/925/GCF_019924925.1_HZGC01/GCF_019924925.1_HZGC01_protein.faa.gz
taxid:1142201	Danio aesculapii	https://ftp.ncbi.nlm.nih.gov/genomes/all/GCF/903/798/145/GCF_903798145.1_fDanAes4.1/GCF_903798145.1_fDanAes4.1_protein.faa.gz
taxid:54374	Mesitornis unicolor	https://ftp.ncbi.nlm.nih.gov/genomes/all/GCF/000/695/765/GCF_000695765.1_ASM69576v1/GCF_000695765.1_ASM69576v1_protein.faa.gz
taxid:29144	Chanos chanos	https://ftp.ncbi.nlm.nih.gov/genomes/all/GCF/902/362/185/GCF_902362185.1_fChaCha1.1/GCF_902362185.1_fChaCha1.1_protein.faa.gz
taxid:992332	Triplophysa rosa	https://ftp.ncbi.nlm.nih.gov/genomes/all/GCF/024/868/665/GCF_024868665.1_Trosa_1v2/GCF_024868665.1_Trosa_1v2_protein.faa.gz
taxid:175836	Buceros rhinoceros silvestris	https://ftp.ncbi.nlm.nih.gov/genomes/all/GCF/000/710/305/GCF_000710305.1_ASM71030v1/GCF_000710305.1_ASM71030v1_protein.faa.gz
taxid:1606681	Puntigrus tetrazona	https://ftp.ncbi.nlm.nih.gov/genomes/all/GCF/018/831/695/GCF_018831695.1_ASM1883169v1/GCF_018831695.1_ASM1883169v1_protein.faa.gz
taxid:121530	Tauraco erythrolophus	https://ftp.ncbi.nlm.nih.gov/genomes/all/GCF/000/709/365/GCF_000709365.1_ASM70936v1/GCF_000709365.1_ASM70936v1_protein.faa.gz
taxid:310915	Pangasianodon hypophthalmus	https://ftp.ncbi.nlm.nih.gov/genomes/all/GCF/027/358/585/GCF_027358585.1_fPanHyp1.pri/GCF_027358585.1_fPanHyp1.pri_protein.faa.gz
taxid:1582913	Triplophysa dalaica	https://ftp.ncbi.nlm.nih.gov/genomes/all/GCF/015/846/415/GCF_015846415.1_ASM1584641v1/GCF_015846415.1_ASM1584641v1_protein.faa.gz
taxid:7998	Ictalurus punctatus	https://ftp.ncbi.nlm.nih.gov/genomes/all/GCF/001/660/625/GCF_001660625.3_Coco_2.0/GCF_001660625.3_Coco_2.0_protein.faa.gz
taxid:13013	Clarias gariepinus	https://ftp.ncbi.nlm.nih.gov/genomes/all/GCF/024/256/425/GCF_024256425.1_CGAR_prim_01v2/GCF_024256425.1_CGAR_prim_01v2_protein.faa.gz
taxid:337641	Hemibagrus wyckioides	https://ftp.ncbi.nlm.nih.gov/genomes/all/GCF/019/097/595/GCF_019097595.1_SWU_Hwy_1.0/GCF_019097595.1_SWU_Hwy_1.0_protein.faa.gz
taxid:90988	Pimephales promelas	https://ftp.ncbi.nlm.nih.gov/genomes/all/GCF/016/745/375/GCF_016745375.1_EPA_FHM_2.0/GCF_016745375.1_EPA_FHM_2.0_protein.faa.gz
taxid:75329	Misgurnus anguillicaudatus	https://ftp.ncbi.nlm.nih.gov/genomes/all/GCF/027/580/225/GCF_027580225.1_HAU_Mang_1.0/GCF_027580225.1_HAU_Mang_1.0_protein.faa.gz
taxid:1234273	Tachysurus fulvidraco	https://ftp.ncbi.nlm.nih.gov/genomes/all/GCF/022/655/615/GCF_022655615.1_HZAU_PFXX_2.0/GCF_022655615.1_HZAU_PFXX_2.0_protein.faa.gz
taxid:8010	Esox lucius	https://ftp.ncbi.nlm.nih.gov/genomes/all/GCF/011/004/845/GCF_011004845.1_fEsoLuc1.pri/GCF_011004845.1_fEsoLuc1.pri_protein.faa.gz
taxid:36300	Pelecanus crispus	https://ftp.ncbi.nlm.nih.gov/genomes/all/GCF/000/687/375/GCF_000687375.1_ASM68737v1/GCF_000687375.1_ASM68737v1_protein.faa.gz
taxid:30455	Fulmarus glacialis	https://ftp.ncbi.nlm.nih.gov/genomes/all/GCF/000/690/835/GCF_000690835.1_ASM69083v1/GCF_000690835.1_ASM69083v1_protein.faa.gz
taxid:175797	Silurus meridionalis	https://ftp.ncbi.nlm.nih.gov/genomes/all/GCF/014/805/685/GCF_014805685.1_ASM1480568v1/GCF_014805685.1_ASM1480568v1_protein.faa.gz
taxid:34773	Alosa sapidissima	https://ftp.ncbi.nlm.nih.gov/genomes/all/GCF/018/492/685/GCF_018492685.1_fAloSap1.pri/GCF_018492685.1_fAloSap1.pri_protein.faa.gz
taxid:66913	Ictalurus furcatus	https://ftp.ncbi.nlm.nih.gov/genomes/all/GCF/023/375/685/GCF_023375685.1_Billie_1.0/GCF_023375685.1_Billie_1.0_protein.faa.gz
taxid:3034132	Rhinichthys klamathensis goyatoka	https://ftp.ncbi.nlm.nih.gov/genomes/all/GCF/029/890/125/GCF_029890125.1_OSU_Roscu_1.1/GCF_029890125.1_OSU_Roscu_1.1_protein.faa.gz
taxid:187382	Chlamydotis macqueenii	https://ftp.ncbi.nlm.nih.gov/genomes/all/GCF/000/695/195/GCF_000695195.1_ASM69519v1/GCF_000695195.1_ASM69519v1_protein.faa.gz
taxid:240206	Pterocles gutturalis	https://ftp.ncbi.nlm.nih.gov/genomes/all/GCF/000/699/245/GCF_000699245.1_ASM69924v1/GCF_000699245.1_ASM69924v1_protein.faa.gz
taxid:586833	Myripristis murdjan	https://ftp.ncbi.nlm.nih.gov/genomes/all/GCF/902/150/065/GCF_902150065.1_fMyrMur1.1/GCF_902150065.1_fMyrMur1.1_protein.faa.gz
taxid:941984	Toxotes jaculatrix	https://ftp.ncbi.nlm.nih.gov/genomes/all/GCF/017/976/425/GCF_017976425.1_fToxJac2.pri/GCF_017976425.1_fToxJac2.pri_protein.faa.gz
taxid:13489	Dicentrarchus labrax	https://ftp.ncbi.nlm.nih.gov/genomes/all/GCF/905/237/075/GCF_905237075.1_dlabrax2021/GCF_905237075.1_dlabrax2021_protein.faa.gz
taxid:293821	Epinephelus fuscoguttatus	https://ftp.ncbi.nlm.nih.gov/genomes/all/GCF/011/397/635/GCF_011397635.1_E.fuscoguttatus.final_Chr_v1/GCF_011397635.1_E.fuscoguttatus.final_Chr_v1_protein.faa.gz
taxid:8236	Thunnus albacares	https://ftp.ncbi.nlm.nih.gov/genomes/all/GCF/914/725/855/GCF_914725855.1_fThuAlb1.1/GCF_914725855.1_fThuAlb1.1_protein.faa.gz
taxid:75038	Scatophagus argus	https://ftp.ncbi.nlm.nih.gov/genomes/all/GCF/020/382/885/GCF_020382885.2_fScaArg1.pri/GCF_020382885.2_fScaArg1.pri_protein.faa.gz
taxid:8240	Thunnus maccoyii	https://ftp.ncbi.nlm.nih.gov/genomes/all/GCF/910/596/095/GCF_910596095.1_fThuMac1.1/GCF_910596095.1_fThuMac1.1_protein.faa.gz
taxid:8245	Xiphias gladius	https://ftp.ncbi.nlm.nih.gov/genomes/all/GCF/016/859/285/GCF_016859285.1_ASM1685928v1/GCF_016859285.1_ASM1685928v1_protein.faa.gz
taxid:8177	Acanthopagrus latus	https://ftp.ncbi.nlm.nih.gov/genomes/all/GCF/904/848/185/GCF_904848185.1_fAcaLat1.1/GCF_904848185.1_fAcaLat1.1_protein.faa.gz
taxid:8969	Haliaeetus albicilla	https://ftp.ncbi.nlm.nih.gov/genomes/all/GCF/000/691/405/GCF_000691405.1_ASM69140v1/GCF_000691405.1_ASM69140v1_protein.faa.gz
taxid:2871759	Seriola aureovittata	https://ftp.ncbi.nlm.nih.gov/genomes/all/GCF/021/018/895/GCF_021018895.1_ASM2101889v1/GCF_021018895.1_ASM2101889v1_protein.faa.gz
taxid:283035	Sander lucioperca	https://ftp.ncbi.nlm.nih.gov/genomes/all/GCF/008/315/115/GCF_008315115.2_SLUC_FBN_1.2/GCF_008315115.2_SLUC_FBN_1.2_protein.faa.gz
taxid:184440	Centropristis striata	https://ftp.ncbi.nlm.nih.gov/genomes/all/GCF/030/273/125/GCF_030273125.1_C.striata_1.0/GCF_030273125.1_C.striata_1.0_protein.faa.gz
taxid:119488	Siniperca chuatsi	https://ftp.ncbi.nlm.nih.gov/genomes/all/GCF/020/085/105/GCF_020085105.1_ASM2008510v1/GCF_020085105.1_ASM2008510v1_protein.faa.gz
taxid:109905	Chelmon rostratus	https://ftp.ncbi.nlm.nih.gov/genomes/all/GCF/017/976/325/GCF_017976325.1_fCheRos1.pri/GCF_017976325.1_fCheRos1.pri_protein.faa.gz
taxid:41447	Seriola dumerili	https://ftp.ncbi.nlm.nih.gov/genomes/all/GCF/002/260/705/GCF_002260705.1_Sdu_1.0/GCF_002260705.1_Sdu_1.0_protein.faa.gz
taxid:215358	Larimichthys crocea	https://ftp.ncbi.nlm.nih.gov/genomes/all/GCF/000/972/845/GCF_000972845.2_L_crocea_2.0/GCF_000972845.2_L_crocea_2.0_protein.faa.gz
taxid:8167	Perca flavescens	https://ftp.ncbi.nlm.nih.gov/genomes/all/GCF/004/354/835/GCF_004354835.1_PFLA_1.0/GCF_004354835.1_PFLA_1.0_protein.faa.gz
taxid:310571	Epinephelus lanceolatus	https://ftp.ncbi.nlm.nih.gov/genomes/all/GCF/005/281/545/GCF_005281545.1_ASM528154v1/GCF_005281545.1_ASM528154v1_protein.faa.gz
taxid:300413	Epinephelus moara	https://ftp.ncbi.nlm.nih.gov/genomes/all/GCF/006/386/435/GCF_006386435.1_YSFRI_EMoa_1.0/GCF_006386435.1_YSFRI_EMoa_1.0_protein.faa.gz
taxid:64144	Anabas testudineus	https://ftp.ncbi.nlm.nih.gov/genomes/all/GCF/900/324/465/GCF_900324465.2_fAnaTes1.2/GCF_900324465.2_fAnaTes1.2_protein.faa.gz
taxid:205130	Mastacembelus armatus	https://ftp.ncbi.nlm.nih.gov/genomes/all/GCF/900/324/485/GCF_900324485.2_fMasArm1.2/GCF_900324485.2_fMasArm1.2_protein.faa.gz
taxid:195615	Hippoglossus stenolepis	https://ftp.ncbi.nlm.nih.gov/genomes/all/GCF/022/539/355/GCF_022539355.2_HSTE1.2/GCF_022539355.2_HSTE1.2_protein.faa.gz
taxid:1250792	Melanotaenia boesemani	https://ftp.ncbi.nlm.nih.gov/genomes/all/GCF/017/639/745/GCF_017639745.1_fMelBoe1.pri/GCF_017639745.1_fMelBoe1.pri_protein.faa.gz
taxid:52904	Scophthalmus maximus	https://ftp.ncbi.nlm.nih.gov/genomes/all/GCF/022/379/125/GCF_022379125.1_ASM2237912v1/GCF_022379125.1_ASM2237912v1_protein.faa.gz
taxid:57397	Apaloderma vittatum	https://ftp.ncbi.nlm.nih.gov/genomes/all/GCF/000/703/405/GCF_000703405.1_ASM70340v1/GCF_000703405.1_ASM70340v1_protein.faa.gz
taxid:8128	Oreochromis niloticus	https://ftp.ncbi.nlm.nih.gov/genomes/all/GCF/001/858/045/GCF_001858045.2_O_niloticus_UMD_NMBU/GCF_001858045.2_O_niloticus_UMD_NMBU_protein.faa.gz
taxid:57412	Colius striatus	https://ftp.ncbi.nlm.nih.gov/genomes/all/GCF/000/690/715/GCF_000690715.1_ASM69071v1/GCF_000690715.1_ASM69071v1_protein.faa.gz
taxid:72105	Sebastes umbrosus	https://ftp.ncbi.nlm.nih.gov/genomes/all/GCF/015/220/745/GCF_015220745.1_fSebUmb1.pri/GCF_015220745.1_fSebUmb1.pri_protein.faa.gz
taxid:8168	Perca fluviatilis	https://ftp.ncbi.nlm.nih.gov/genomes/all/GCF/010/015/445/GCF_010015445.1_GENO_Pfluv_1.0/GCF_010015445.1_GENO_Pfluv_1.0_protein.faa.gz
taxid:90069	Solea solea	https://ftp.ncbi.nlm.nih.gov/genomes/all/GCF/958/295/425/GCF_958295425.1_fSolSol10.1/GCF_958295425.1_fSolSol10.1_protein.faa.gz
taxid:7950	Clupea harengus	https://ftp.ncbi.nlm.nih.gov/genomes/all/GCF/900/700/415/GCF_900700415.2_Ch_v2.0.2/GCF_900700415.2_Ch_v2.0.2_protein.faa.gz
taxid:47969	Oreochromis aureus	https://ftp.ncbi.nlm.nih.gov/genomes/all/GCF/013/358/895/GCF_013358895.1_ZZ_aureus/GCF_013358895.1_ZZ_aureus_protein.faa.gz
taxid:1841481	Seriola lalandi dorsalis	https://ftp.ncbi.nlm.nih.gov/genomes/all/GCF/002/814/215/GCF_002814215.2_Sedor1/GCF_002814215.2_Sedor1_protein.faa.gz
taxid:8083	Xiphophorus maculatus	https://ftp.ncbi.nlm.nih.gov/genomes/all/GCF/002/775/205/GCF_002775205.1_X_maculatus-5.0-male/GCF_002775205.1_X_maculatus-5.0-male_protein.faa.gz
taxid:173247	Echeneis naucrates	https://ftp.ncbi.nlm.nih.gov/genomes/all/GCF/900/963/305/GCF_900963305.1_fEcheNa1.1/GCF_900963305.1_fEcheNa1.1_protein.faa.gz
taxid:158456	Betta splendens	https://ftp.ncbi.nlm.nih.gov/genomes/all/GCF/900/634/795/GCF_900634795.4_fBetSpl5.4/GCF_900634795.4_fBetSpl5.4_protein.faa.gz
taxid:134920	Pungitius pungitius	https://ftp.ncbi.nlm.nih.gov/genomes/all/GCF/902/500/615/GCF_902500615.1_NSP_V7/GCF_902500615.1_NSP_V7_protein.faa.gz
taxid:80972	Amphiprion ocellaris	https://ftp.ncbi.nlm.nih.gov/genomes/all/GCF/022/539/595/GCF_022539595.1_ASM2253959v1/GCF_022539595.1_ASM2253959v1_protein.faa.gz
taxid:8267	Hippoglossus hippoglossus	https://ftp.ncbi.nlm.nih.gov/genomes/all/GCF/009/819/705/GCF_009819705.1_fHipHip1.pri/GCF_009819705.1_fHipHip1.pri_protein.faa.gz
taxid:32473	Xiphophorus couchianus	https://ftp.ncbi.nlm.nih.gov/genomes/all/GCF/001/444/195/GCF_001444195.1_X_couchianus-1.0/GCF_001444195.1_X_couchianus-1.0_protein.faa.gz
taxid:57421	Merops nubicus	https://ftp.ncbi.nlm.nih.gov/genomes/all/GCF/000/691/845/GCF_000691845.1_ASM69184v1/GCF_000691845.1_ASM69184v1_protein.faa.gz
taxid:27687	Erpetoichthys calabaricus	https://ftp.ncbi.nlm.nih.gov/genomes/all/GCF/900/747/795/GCF_900747795.2_fErpCal1.3/GCF_900747795.2_fErpCal1.3_protein.faa.gz
taxid:229290	Anoplopoma fimbria	https://ftp.ncbi.nlm.nih.gov/genomes/all/GCF/027/596/085/GCF_027596085.1_Afim_UVic_2022/GCF_027596085.1_Afim_UVic_2022_protein.faa.gz
taxid:8175	Sparus aurata	https://ftp.ncbi.nlm.nih.gov/genomes/all/GCF/900/880/675/GCF_900880675.1_fSpaAur1.1/GCF_900880675.1_fSpaAur1.1_protein.faa.gz
taxid:13676	Scomber japonicus	https://ftp.ncbi.nlm.nih.gov/genomes/all/GCF/027/409/825/GCF_027409825.1_fScoJap1.pri/GCF_027409825.1_fScoJap1.pri_protein.faa.gz
taxid:37003	Kryptolebias marmoratus	https://ftp.ncbi.nlm.nih.gov/genomes/all/GCF/001/649/575/GCF_001649575.2_ASM164957v2/GCF_001649575.2_ASM164957v2_protein.faa.gz
taxid:8154	Astatotilapia calliptera	https://ftp.ncbi.nlm.nih.gov/genomes/all/GCF/900/246/225/GCF_900246225.1_fAstCal1.2/GCF_900246225.1_fAstCal1.2_protein.faa.gz
taxid:241271	Cheilinus undulatus	https://ftp.ncbi.nlm.nih.gov/genomes/all/GCF/018/320/785/GCF_018320785.1_ASM1832078v1/GCF_018320785.1_ASM1832078v1_protein.faa.gz
taxid:8262	Pleuronectes platessa	https://ftp.ncbi.nlm.nih.gov/genomes/all/GCF/947/347/685/GCF_947347685.1_fPlePla1.1/GCF_947347685.1_fPlePla1.1_protein.faa.gz
taxid:80966	Acanthochromis polyacanthus	https://ftp.ncbi.nlm.nih.gov/genomes/all/GCF/021/347/895/GCF_021347895.1_KAUST_Apoly_ChrSc/GCF_021347895.1_KAUST_Apoly_ChrSc_protein.faa.gz
taxid:63155	Archocentrus centrarchus	https://ftp.ncbi.nlm.nih.gov/genomes/all/GCF/007/364/275/GCF_007364275.1_fArcCen1/GCF_007364275.1_fArcCen1_protein.faa.gz
taxid:48193	Mugil cephalus	https://ftp.ncbi.nlm.nih.gov/genomes/all/GCF/022/458/985/GCF_022458985.1_CIBA_Mcephalus_1.1/GCF_022458985.1_CIBA_Mcephalus_1.1_protein.faa.gz
taxid:33528	Gambusia affinis	https://ftp.ncbi.nlm.nih.gov/genomes/all/GCF/019/740/435/GCF_019740435.1_SWU_Gaff_1.0/GCF_019740435.1_SWU_Gaff_1.0_protein.faa.gz
taxid:9209	Phalacrocorax carbo	https://ftp.ncbi.nlm.nih.gov/genomes/all/GCF/000/708/925/GCF_000708925.1_ASM70892v1/GCF_000708925.1_ASM70892v1_protein.faa.gz
taxid:210632	Parambassis ranga	https://ftp.ncbi.nlm.nih.gov/genomes/all/GCF/900/634/625/GCF_900634625.1_fParRan2.1/GCF_900634625.1_fParRan2.1_protein.faa.gz
taxid:106582	Maylandia zebra	https://ftp.ncbi.nlm.nih.gov/genomes/all/GCF/000/238/955/GCF_000238955.4_M_zebra_UMD2a/GCF_000238955.4_M_zebra_UMD2a_protein.faa.gz
taxid:299321	Denticeps clupeoides	https://ftp.ncbi.nlm.nih.gov/genomes/all/GCF/900/700/375/GCF_900700375.1_fDenClu1.1/GCF_900700375.1_fDenClu1.1_protein.faa.gz
taxid:43689	Simochromis diagramma	https://ftp.ncbi.nlm.nih.gov/genomes/all/GCF/900/408/965/GCF_900408965.1_fSimDia1.1/GCF_900408965.1_fSimDia1.1_protein.faa.gz
taxid:147949	Micropterus dolomieu	https://ftp.ncbi.nlm.nih.gov/genomes/all/GCF/021/292/245/GCF_021292245.1_ASM2129224v1/GCF_021292245.1_ASM2129224v1_protein.faa.gz
taxid:8187	Lates calcarifer	https://ftp.ncbi.nlm.nih.gov/genomes/all/GCF/001/640/805/GCF_001640805.2_TLL_Latcal_v3/GCF_001640805.2_TLL_Latcal_v3_protein.faa.gz
taxid:54383	Eurypyga helias	https://ftp.ncbi.nlm.nih.gov/genomes/all/GCF/000/690/775/GCF_000690775.1_ASM69077v1/GCF_000690775.1_ASM69077v1_protein.faa.gz
taxid:8084	Xiphophorus hellerii	https://ftp.ncbi.nlm.nih.gov/genomes/all/GCF/003/331/165/GCF_003331165.1_Xiphophorus_hellerii-4.1/GCF_003331165.1_Xiphophorus_hellerii-4.1_protein.faa.gz
taxid:303518	Pundamilia nyererei	https://ftp.ncbi.nlm.nih.gov/genomes/all/GCF/000/239/375/GCF_000239375.1_PunNye1.0/GCF_000239375.1_PunNye1.0_protein.faa.gz
taxid:8103	Cyclopterus lumpus	https://ftp.ncbi.nlm.nih.gov/genomes/all/GCF/009/769/545/GCF_009769545.1_fCycLum1.pri/GCF_009769545.1_fCycLum1.pri_protein.faa.gz
taxid:43700	Monopterus albus	https://ftp.ncbi.nlm.nih.gov/genomes/all/GCF/001/952/655/GCF_001952655.1_M_albus_1.0/GCF_001952655.1_M_albus_1.0_protein.faa.gz
taxid:278164	Alosa alosa	https://ftp.ncbi.nlm.nih.gov/genomes/all/GCF/017/589/495/GCF_017589495.1_AALO_Geno_1.1/GCF_017589495.1_AALO_Geno_1.1_protein.faa.gz
taxid:8081	Poecilia reticulata	https://ftp.ncbi.nlm.nih.gov/genomes/all/GCF/000/633/615/GCF_000633615.1_Guppy_female_1.0_MT/GCF_000633615.1_Guppy_female_1.0_MT_protein.faa.gz
taxid:279965	Antrostomus carolinensis	https://ftp.ncbi.nlm.nih.gov/genomes/all/GCF/000/700/745/GCF_000700745.2_ASM70074v2/GCF_000700745.2_ASM70074v2_protein.faa.gz
taxid:77115	Cyprinodon tularosa	https://ftp.ncbi.nlm.nih.gov/genomes/all/GCF/016/077/235/GCF_016077235.1_ASM1607723v1/GCF_016077235.1_ASM1607723v1_protein.faa.gz
taxid:7918	Lepisosteus oculatus	https://ftp.ncbi.nlm.nih.gov/genomes/all/GCF/000/242/695/GCF_000242695.1_LepOcu1/GCF_000242695.1_LepOcu1_protein.faa.gz
taxid:30732	Oryzias melastigma	https://ftp.ncbi.nlm.nih.gov/genomes/all/GCF/002/922/805/GCF_002922805.2_ASM292280v2/GCF_002922805.2_ASM292280v2_protein.faa.gz
taxid:8153	Haplochromis burtoni	https://ftp.ncbi.nlm.nih.gov/genomes/all/GCF/018/398/535/GCF_018398535.1_NCSU_Asbu1/GCF_018398535.1_NCSU_Asbu1_protein.faa.gz
taxid:40690	Trematomus bernacchii	https://ftp.ncbi.nlm.nih.gov/genomes/all/GCF/902/827/165/GCF_902827165.1_fTreBer1.1/GCF_902827165.1_fTreBer1.1_protein.faa.gz
taxid:2546036	Lampris incognitus	https://ftp.ncbi.nlm.nih.gov/genomes/all/GCF/029/633/865/GCF_029633865.1_fLamInc1.hap2/GCF_029633865.1_fLamInc1.hap2_protein.faa.gz
taxid:32507	Neolamprologus brichardi	https://ftp.ncbi.nlm.nih.gov/genomes/all/GCF/000/239/395/GCF_000239395.1_NeoBri1.0/GCF_000239395.1_NeoBri1.0_protein.faa.gz
taxid:417921	Etheostoma cragini	https://ftp.ncbi.nlm.nih.gov/genomes/all/GCF/013/103/735/GCF_013103735.1_CSU_Ecrag_1.0/GCF_013103735.1_CSU_Ecrag_1.0_protein.faa.gz
taxid:8090	Oryzias latipes	https://ftp.ncbi.nlm.nih.gov/genomes/all/GCF/002/234/675/GCF_002234675.1_ASM223467v1/GCF_002234675.1_ASM223467v1_protein.faa.gz
taxid:409849	Periophthalmus magnuspinnatus	https://ftp.ncbi.nlm.nih.gov/genomes/all/GCF/009/829/125/GCF_009829125.3_fPerMag1.2.pri/GCF_009829125.3_fPerMag1.2.pri_protein.faa.gz
taxid:28829	Solea senegalensis	https://ftp.ncbi.nlm.nih.gov/genomes/all/GCF/019/176/455/GCF_019176455.1_IFAPA_SoseM_1/GCF_019176455.1_IFAPA_SoseM_1_protein.faa.gz
taxid:375764	Sphaeramia orbicularis	https://ftp.ncbi.nlm.nih.gov/genomes/all/GCF/902/148/855/GCF_902148855.1_fSphaOr1.1/GCF_902148855.1_fSphaOr1.1_protein.faa.gz
taxid:161453	Dunckerocampus dactyliophorus	https://ftp.ncbi.nlm.nih.gov/genomes/all/GCF/027/744/805/GCF_027744805.1_RoL_Ddac_1.1/GCF_027744805.1_RoL_Ddac_1.1_protein.faa.gz
taxid:27706	Micropterus salmoides	https://ftp.ncbi.nlm.nih.gov/genomes/all/GCF/014/851/395/GCF_014851395.1_ASM1485139v1/GCF_014851395.1_ASM1485139v1_protein.faa.gz
taxid:8049	Gadus morhua	https://ftp.ncbi.nlm.nih.gov/genomes/all/GCF/902/167/405/GCF_902167405.1_gadMor3.0/GCF_902167405.1_gadMor3.0_protein.faa.gz
taxid:55291	Polypterus senegalus	https://ftp.ncbi.nlm.nih.gov/genomes/all/GCF/016/835/505/GCF_016835505.1_ASM1683550v1/GCF_016835505.1_ASM1683550v1_protein.faa.gz
taxid:144197	Stegastes partitus	https://ftp.ncbi.nlm.nih.gov/genomes/all/GCF/000/690/725/GCF_000690725.1_Stegastes_partitus-1.0.2/GCF_000690725.1_Stegastes_partitus-1.0.2_protein.faa.gz
taxid:433684	Takifugu flavidus	https://ftp.ncbi.nlm.nih.gov/genomes/all/GCF/003/711/565/GCF_003711565.1_ASM371156v2/GCF_003711565.1_ASM371156v2_protein.faa.gz
taxid:244447	Cynoglossus semilaevis	https://ftp.ncbi.nlm.nih.gov/genomes/all/GCF/000/523/025/GCF_000523025.1_Cse_v1.0/GCF_000523025.1_Cse_v1.0_protein.faa.gz
taxid:1203425	Notolabrus celidotus	https://ftp.ncbi.nlm.nih.gov/genomes/all/GCF/009/762/535/GCF_009762535.1_fNotCel1.pri/GCF_009762535.1_fNotCel1.pri_protein.faa.gz
taxid:56723	Labrus bergylta	https://ftp.ncbi.nlm.nih.gov/genomes/all/GCF/900/080/235/GCF_900080235.1_BallGen_V1/GCF_900080235.1_BallGen_V1_protein.faa.gz
taxid:34816	Morone saxatilis	https://ftp.ncbi.nlm.nih.gov/genomes/all/GCF/004/916/995/GCF_004916995.1_NCSU_SB_2.0/GCF_004916995.1_NCSU_SB_2.0_protein.faa.gz
taxid:7936	Anguilla anguilla	https://ftp.ncbi.nlm.nih.gov/genomes/all/GCF/013/347/855/GCF_013347855.1_fAngAng1.pri/GCF_013347855.1_fAngAng1.pri_protein.faa.gz
taxid:433405	Anarrhichthys ocellatus	https://ftp.ncbi.nlm.nih.gov/genomes/all/GCF/004/355/925/GCF_004355925.1_GSC_Weel_1.0/GCF_004355925.1_GSC_Weel_1.0_protein.faa.gz
taxid:8078	Fundulus heteroclitus	https://ftp.ncbi.nlm.nih.gov/genomes/all/GCF/011/125/445/GCF_011125445.2_MU-UCD_Fhet_4.1/GCF_011125445.2_MU-UCD_Fhet_4.1_protein.faa.gz
taxid:113540	Scleropages formosus	https://ftp.ncbi.nlm.nih.gov/genomes/all/GCF/900/964/775/GCF_900964775.1_fSclFor1.1/GCF_900964775.1_fSclFor1.1_protein.faa.gz
taxid:2059687	Pseudoliparis swirei	https://ftp.ncbi.nlm.nih.gov/genomes/all/GCF/029/220/125/GCF_029220125.1_NWPU_hadal_v1/GCF_029220125.1_NWPU_hadal_v1_protein.faa.gz
taxid:208333	Girardinichthys multiradiatus	https://ftp.ncbi.nlm.nih.gov/genomes/all/GCF/021/462/225/GCF_021462225.1_DD_fGirMul_XY1/GCF_021462225.1_DD_fGirMul_XY1_protein.faa.gz
taxid:28743	Cyprinodon variegatus	https://ftp.ncbi.nlm.nih.gov/genomes/all/GCF/000/732/505/GCF_000732505.1_C_variegatus-1.0/GCF_000732505.1_C_variegatus-1.0_protein.faa.gz
taxid:150288	Boleophthalmus pectinirostris	https://ftp.ncbi.nlm.nih.gov/genomes/all/GCF/026/225/935/GCF_026225935.1_ASM2622593v1/GCF_026225935.1_ASM2622593v1_protein.faa.gz
taxid:270530	Synchiropus splendidus	https://ftp.ncbi.nlm.nih.gov/genomes/all/GCF/027/744/825/GCF_027744825.2_RoL_Sspl_1.0/GCF_027744825.2_RoL_Sspl_1.0_protein.faa.gz
taxid:161450	Doryrhamphus excisus	https://ftp.ncbi.nlm.nih.gov/genomes/all/GCF/030/265/055/GCF_030265055.1_RoL_Dexc_1.0/GCF_030265055.1_RoL_Dexc_1.0_protein.faa.gz
taxid:118141	Megalops cyprinoides	https://ftp.ncbi.nlm.nih.gov/genomes/all/GCF/013/368/585/GCF_013368585.1_fMegCyp1.pri/GCF_013368585.1_fMegCyp1.pri_protein.faa.gz
taxid:161590	Syngnathus scovelli	https://ftp.ncbi.nlm.nih.gov/genomes/all/GCF/024/217/435/GCF_024217435.1_RoL_Ssco_1.1/GCF_024217435.1_RoL_Ssco_1.1_protein.faa.gz
taxid:1676925	Paramormyrops kingsleyae	https://ftp.ncbi.nlm.nih.gov/genomes/all/GCF/002/872/115/GCF_002872115.1_PKINGS_0.1/GCF_002872115.1_PKINGS_0.1_protein.faa.gz
taxid:8255	Paralichthys olivaceus	https://ftp.ncbi.nlm.nih.gov/genomes/all/GCF/001/970/005/GCF_001970005.1_Flounder_ref_guided_V1.0/GCF_001970005.1_Flounder_ref_guided_V1.0_protein.faa.gz
taxid:161584	Syngnathus acus	https://ftp.ncbi.nlm.nih.gov/genomes/all/GCF/901/709/675/GCF_901709675.1_fSynAcu1.2/GCF_901709675.1_fSynAcu1.2_protein.faa.gz
taxid:441366	Gouania willdenowi	https://ftp.ncbi.nlm.nih.gov/genomes/all/GCF/900/634/775/GCF_900634775.1_fGouWil2.1/GCF_900634775.1_fGouWil2.1_protein.faa.gz
taxid:451745	Nematolebias whitei	https://ftp.ncbi.nlm.nih.gov/genomes/all/GCF/014/905/685/GCF_014905685.2_NemWhi1/GCF_014905685.2_NemWhi1_protein.faa.gz
taxid:390379	Thalassophryne amazonica	https://ftp.ncbi.nlm.nih.gov/genomes/all/GCF/902/500/255/GCF_902500255.1_fThaAma1.1/GCF_902500255.1_fThaAma1.1_protein.faa.gz
taxid:105023	Nothobranchius furzeri	https://ftp.ncbi.nlm.nih.gov/genomes/all/GCF/027/789/165/GCF_027789165.1_UI_Nfuz_MZM_1.0/GCF_027789165.1_UI_Nfuz_MZM_1.0_protein.faa.gz
taxid:137520	Hypomesus transpacificus	https://ftp.ncbi.nlm.nih.gov/genomes/all/GCF/021/917/145/GCF_021917145.1_fHypTra1/GCF_021917145.1_fHypTra1_protein.faa.gz
taxid:31033	Takifugu rubripes	https://ftp.ncbi.nlm.nih.gov/genomes/all/GCF/901/000/725/GCF_901000725.2_fTakRub1.2/GCF_901000725.2_fTakRub1.2_protein.faa.gz
taxid:42636	Brienomyrus brachyistius	https://ftp.ncbi.nlm.nih.gov/genomes/all/GCF/023/856/365/GCF_023856365.1_BBRACH_0.4/GCF_023856365.1_BBRACH_0.4_protein.faa.gz
taxid:109280	Hippocampus comes	https://ftp.ncbi.nlm.nih.gov/genomes/all/GCF/001/891/065/GCF_001891065.2_H_comes_QL1_v1.1/GCF_001891065.2_H_comes_QL1_v1.1_protein.faa.gz
taxid:56716	Cottoperca gobio	https://ftp.ncbi.nlm.nih.gov/genomes/all/GCF/900/634/415/GCF_900634415.1_fCotGob3.1/GCF_900634415.1_fCotGob3.1_protein.faa.gz
taxid:109293	Hippocampus zosterae	https://ftp.ncbi.nlm.nih.gov/genomes/all/GCF/025/434/085/GCF_025434085.1_ASM2543408v3/GCF_025434085.1_ASM2543408v3_protein.faa.gz
taxid:181472	Salarias fasciatus	https://ftp.ncbi.nlm.nih.gov/genomes/all/GCF/902/148/845/GCF_902148845.1_fSalaFa1.1/GCF_902148845.1_fSalaFa1.1_protein.faa.gz
taxid:160734	Plectropomus leopardus	https://ftp.ncbi.nlm.nih.gov/genomes/all/GCF/008/729/295/GCF_008729295.1_YSFRI_Pleo_2.0/GCF_008729295.1_YSFRI_Pleo_2.0_protein.faa.gz
taxid:161448	Corythoichthys intestinalis	https://ftp.ncbi.nlm.nih.gov/genomes/all/GCF/030/265/065/GCF_030265065.1_ASM3026506v1/GCF_030265065.1_ASM3026506v1_protein.faa.gz
taxid:48698	Poecilia formosa	https://ftp.ncbi.nlm.nih.gov/genomes/all/GCF/000/485/575/GCF_000485575.1_Poecilia_formosa-5.1.2/GCF_000485575.1_Poecilia_formosa-5.1.2_protein.faa.gz
taxid:48701	Poecilia mexicana	https://ftp.ncbi.nlm.nih.gov/genomes/all/GCF/001/443/325/GCF_001443325.1_P_mexicana-1.0/GCF_001443325.1_P_mexicana-1.0_protein.faa.gz
taxid:52670	Austrofundulus limnaeus	https://ftp.ncbi.nlm.nih.gov/genomes/all/GCF/001/266/775/GCF_001266775.1_Austrofundulus_limnaeus-1.0/GCF_001266775.1_Austrofundulus_limnaeus-1.0_protein.faa.gz
taxid:48699	Poecilia latipinna	https://ftp.ncbi.nlm.nih.gov/genomes/all/GCF/001/443/285/GCF_001443285.1_P_latipinna-1.0/GCF_001443285.1_P_latipinna-1.0_protein.faa.gz
taxid:52239	Pseudochaenichthys georgianus	https://ftp.ncbi.nlm.nih.gov/genomes/all/GCF/902/827/115/GCF_902827115.1_fPseGeo1.1/GCF_902827115.1_fPseGeo1.1_protein.faa.gz
taxid:54343	Etheostoma spectabile	https://ftp.ncbi.nlm.nih.gov/genomes/all/GCF/008/692/095/GCF_008692095.1_UIUC_Espe_1.0/GCF_008692095.1_UIUC_Espe_1.0_protein.faa.gz
taxid:80720	Gadus macrocephalus	https://ftp.ncbi.nlm.nih.gov/genomes/all/GCF/031/168/955/GCF_031168955.1_ASM3116895v1/GCF_031168955.1_ASM3116895v1_protein.faa.gz
taxid:8218	Gymnodraco acuticeps	https://ftp.ncbi.nlm.nih.gov/genomes/all/GCF/902/827/175/GCF_902827175.1_fGymAcu1.1/GCF_902827175.1_fGymAcu1.1_protein.faa.gz
taxid:188132	Poeciliopsis prolifica	https://ftp.ncbi.nlm.nih.gov/genomes/all/GCF/027/474/105/GCF_027474105.1_Auburn_PproV2/GCF_027474105.1_Auburn_PproV2_protein.faa.gz
taxid:13397	Carcharodon carcharias	https://ftp.ncbi.nlm.nih.gov/genomes/all/GCF/017/639/515/GCF_017639515.1_sCarCar2.pri/GCF_017639515.1_sCarCar2.pri_protein.faa.gz
taxid:1042646	Gadus chalcogrammus	https://ftp.ncbi.nlm.nih.gov/genomes/all/GCF/026/213/295/GCF_026213295.1_NIFS_Gcha_1.0/GCF_026213295.1_NIFS_Gcha_1.0_protein.faa.gz
taxid:7897	Latimeria chalumnae	https://ftp.ncbi.nlm.nih.gov/genomes/all/GCF/000/225/785/GCF_000225785.1_LatCha1/GCF_000225785.1_LatCha1_protein.faa.gz
taxid:3053191	Stegostoma tigrinum	https://ftp.ncbi.nlm.nih.gov/genomes/all/GCF/030/684/315/GCF_030684315.1_sSteTig4.hap1/GCF_030684315.1_sSteTig4.hap1_protein.faa.gz
taxid:79690	Hypanus sabinus	https://ftp.ncbi.nlm.nih.gov/genomes/all/GCF/030/144/855/GCF_030144855.1_sHypSab1.hap1/GCF_030144855.1_sHypSab1.hap1_protein.faa.gz
taxid:685728	Pristis pectinata	https://ftp.ncbi.nlm.nih.gov/genomes/all/GCF/009/764/475/GCF_009764475.1_sPriPec2.1.pri/GCF_009764475.1_sPriPec2.1.pri_protein.faa.gz
taxid:36176	Chiloscyllium plagiosum	https://ftp.ncbi.nlm.nih.gov/genomes/all/GCF/004/010/195/GCF_004010195.1_ASM401019v2/GCF_004010195.1_ASM401019v2_protein.faa.gz
taxid:7830	Scyliorhinus canicula	https://ftp.ncbi.nlm.nih.gov/genomes/all/GCF/902/713/615/GCF_902713615.1_sScyCan1.1/GCF_902713615.1_sScyCan1.1_protein.faa.gz
taxid:7782	Leucoraja erinacea	https://ftp.ncbi.nlm.nih.gov/genomes/all/GCF/028/641/065/GCF_028641065.1_Leri_hhj_1/GCF_028641065.1_Leri_hhj_1_protein.faa.gz
taxid:7868	Callorhinchus milii	https://ftp.ncbi.nlm.nih.gov/genomes/all/GCF/018/977/255/GCF_018977255.1_IMCB_Cmil_1.0/GCF_018977255.1_IMCB_Cmil_1.0_protein.faa.gz
taxid:259920	Rhincodon typus	https://ftp.ncbi.nlm.nih.gov/genomes/all/GCF/021/869/965/GCF_021869965.1_sRhiTyp1.1/GCF_021869965.1_sRhiTyp1.1_protein.faa.gz
taxid:8208	Notothenia coriiceps	https://ftp.ncbi.nlm.nih.gov/genomes/all/GCF/000/735/185/GCF_000735185.1_NC01/GCF_000735185.1_NC01_protein.faa.gz
taxid:101364	Carassius gibelio	https://ftp.ncbi.nlm.nih.gov/genomes/all/GCF/023/724/105/GCF_023724105.1_carGib1.2-hapl.c/GCF_023724105.1_carGib1.2-hapl.c_protein.faa.gz
taxid:154827	Xyrauchen texanus	https://ftp.ncbi.nlm.nih.gov/genomes/all/GCF/025/860/055/GCF_025860055.1_RBS_HiC_50CHRs/GCF_025860055.1_RBS_HiC_50CHRs_protein.faa.gz
taxid:217509	Carassius carassius	https://ftp.ncbi.nlm.nih.gov/genomes/all/GCF/963/082/965/GCF_963082965.1_fCarCar2.1/GCF_963082965.1_fCarCar2.1_protein.faa.gz
taxid:75366	Sinocyclocheilus grahami	https://ftp.ncbi.nlm.nih.gov/genomes/all/GCF/001/515/645/GCF_001515645.1_SAMN03320097.WGS_v1.1/GCF_001515645.1_SAMN03320097.WGS_v1.1_protein.faa.gz
taxid:7957	Carassius auratus	https://ftp.ncbi.nlm.nih.gov/genomes/all/GCF/003/368/295/GCF_003368295.1_ASM336829v1/GCF_003368295.1_ASM336829v1_protein.faa.gz
taxid:1608454	Sinocyclocheilus anshuiensis	https://ftp.ncbi.nlm.nih.gov/genomes/all/GCF/001/515/605/GCF_001515605.1_SAMN03320099.WGS_v1.1/GCF_001515605.1_SAMN03320099.WGS_v1.1_protein.faa.gz
taxid:307959	Sinocyclocheilus rhinocerous	https://ftp.ncbi.nlm.nih.gov/genomes/all/GCF/001/515/625/GCF_001515625.1_SAMN03320098_v1.1/GCF_001515625.1_SAMN03320098_v1.1_protein.faa.gz
taxid:7757	Petromyzon marinus	https://ftp.ncbi.nlm.nih.gov/genomes/all/GCF/010/993/605/GCF_010993605.1_kPetMar1.pri/GCF_010993605.1_kPetMar1.pri_protein.faa.gz
taxid:8019	Oncorhynchus kisutch	https://ftp.ncbi.nlm.nih.gov/genomes/all/GCF/002/021/735/GCF_002021735.2_Okis_V2/GCF_002021735.2_Okis_V2_protein.faa.gz
taxid:8018	Oncorhynchus keta	https://ftp.ncbi.nlm.nih.gov/genomes/all/GCF/023/373/465/GCF_023373465.1_Oket_V2/GCF_023373465.1_Oket_V2_protein.faa.gz
taxid:74940	Oncorhynchus tshawytscha	https://ftp.ncbi.nlm.nih.gov/genomes/all/GCF/018/296/145/GCF_018296145.1_Otsh_v2.0/GCF_018296145.1_Otsh_v2.0_protein.faa.gz
taxid:8032	Salmo trutta	https://ftp.ncbi.nlm.nih.gov/genomes/all/GCF/901/001/165/GCF_901001165.1_fSalTru1.1/GCF_901001165.1_fSalTru1.1_protein.faa.gz
taxid:8023	Oncorhynchus nerka	https://ftp.ncbi.nlm.nih.gov/genomes/all/GCF/006/149/115/GCF_006149115.2_Oner_1.1/GCF_006149115.2_Oner_1.1_protein.faa.gz
taxid:8017	Oncorhynchus gorbuscha	https://ftp.ncbi.nlm.nih.gov/genomes/all/GCF/021/184/085/GCF_021184085.1_OgorEven_v1.0/GCF_021184085.1_OgorEven_v1.0_protein.faa.gz
taxid:8038	Salvelinus fontinalis	https://ftp.ncbi.nlm.nih.gov/genomes/all/GCF/029/448/725/GCF_029448725.1_ASM2944872v1/GCF_029448725.1_ASM2944872v1_protein.faa.gz
taxid:70543	Myxocyprinus asiaticus	https://ftp.ncbi.nlm.nih.gov/genomes/all/GCF/019/703/515/GCF_019703515.2_UBuf_Myxa_2/GCF_019703515.2_UBuf_Myxa_2_protein.faa.gz
taxid:8022	Oncorhynchus mykiss	https://ftp.ncbi.nlm.nih.gov/genomes/all/GCF/013/265/735/GCF_013265735.2_USDA_OmykA_1.1/GCF_013265735.2_USDA_OmykA_1.1_protein.faa.gz
taxid:7962	Cyprinus carpio	https://ftp.ncbi.nlm.nih.gov/genomes/all/GCF/018/340/385/GCF_018340385.1_ASM1834038v1/GCF_018340385.1_ASM1834038v1_protein.faa.gz
taxid:8040	Salvelinus namaycush	https://ftp.ncbi.nlm.nih.gov/genomes/all/GCF/016/432/855/GCF_016432855.1_SaNama_1.0/GCF_016432855.1_SaNama_1.0_protein.faa.gz
taxid:7913	Polyodon spathula	https://ftp.ncbi.nlm.nih.gov/genomes/all/GCF/017/654/505/GCF_017654505.1_ASM1765450v1/GCF_017654505.1_ASM1765450v1_protein.faa.gz
taxid:8030	Salmo salar	https://ftp.ncbi.nlm.nih.gov/genomes/all/GCF/905/237/065/GCF_905237065.1_Ssal_v3.1/GCF_905237065.1_Ssal_v3.1_protein.faa.gz
taxid:59861	Coregonus clupeaformis	https://ftp.ncbi.nlm.nih.gov/genomes/all/GCF/020/615/455/GCF_020615455.1_ASM2061545v1/GCF_020615455.1_ASM2061545v1_protein.faa.gz
taxid:7906	Acipenser ruthenus	https://ftp.ncbi.nlm.nih.gov/genomes/all/GCF/902/713/425/GCF_902713425.1_fAciRut3.2_maternal_haplotype/GCF_902713425.1_fAciRut3.2_maternal_haplotype_protein.faa.gz
taxid:8355	Xenopus laevis	https://ftp.ncbi.nlm.nih.gov/genomes/all/GCF/017/654/675/GCF_017654675.1_Xenopus_laevis_v10.1/GCF_017654675.1_Xenopus_laevis_v10.1_protein.faa.gz
taxid:7070	Tribolium castaneum	https://ftp.ncbi.nlm.nih.gov/genomes/all/GCF/000/002/335/GCF_000002335.3_Tcas5.2/GCF_000002335.3_Tcas5.2_protein.faa.gz
taxid:2652724	Exaiptasia diaphana	https://ftp.ncbi.nlm.nih.gov/genomes/all/GCF/001/417/965/GCF_001417965.1_Aiptasia_genome_1.1/GCF_001417965.1_Aiptasia_genome_1.1_protein.faa.gz
taxid:7668	Strongylocentrotus purpuratus	https://ftp.ncbi.nlm.nih.gov/genomes/all/GCF/000/002/235/GCF_000002235.5_Spur_5.0/GCF_000002235.5_Spur_5.0_protein.faa.gz
